bodyname; position x; position y; position z
sun;0.0109245;-0.0058229;-0.000246302
jupiter;-4.41387;3.04951;0.086085
saturn;-0.473685;9.02322;-0.137861
uranus;17.3984;-9.92114;-0.262527
neptune;19.9678;-22.4952;0.00327805
sun;0.00741315;0.0030098;-0.000266704
jupiter;1.42318;-5.00495;-0.0111597
saturn;-8.74603;3.28576;0.291112
uranus;19.7822;-3.51933;-0.269747
neptune;23.8327;-18.2562;-0.172828
sun;0.00816832;-0.00446762;-0.000281165
jupiter;0.132903;5.11464;-0.0243316
saturn;-7.61738;-6.28233;0.412414
uranus;19.7763;3.30762;-0.244398
neptune;26.8295;-13.3522;-0.342642
sun;0.00916143;0.00494564;-0.000311231
jupiter;-3.43827;-4.19648;0.0942764
saturn;0.840658;-10.0647;0.141395
uranus;17.367;9.73031;-0.189378
neptune;28.8439;-7.95925;-0.499913
sun;-0.000404505;-0.00316523;-5.65653e-07
jupiter;4.43549;2.19019;-0.108356
saturn;8.52983;-4.84395;-0.255494
uranus;12.8041;14.9411;-0.11091
neptune;29.7977;-2.27377;-0.6388
sun;0.00950584;-0.00443762;-0.000177342
jupiter;-5.45875;0.157093;0.1215
saturn;7.88244;4.85519;-0.398178
uranus;6.60187;18.2285;-0.0183005
neptune;29.6518;3.49545;-0.754112
sun;0.00346653;-0.00287205;-7.22177e-05
jupiter;4.03069;-3.0428;-0.0775341
saturn;-1.37998;8.92152;-0.0999097
uranus;-0.477607;19.0674;0.0766045
neptune;28.4089;9.13523;-0.841527
sun;0.0127756;-0.00827401;-0.000312831
jupiter;-2.97601;4.35249;0.0484295
saturn;-9.05816;2.44487;0.318354
uranus;-7.48094;17.2235;0.160574
neptune;26.1139;14.4365;-0.897774
sun;0.0102826;0.00354984;-0.0003239
jupiter;-0.514014;-5.27929;0.0334934
saturn;-7.0723;-6.93641;0.401897
uranus;-13.3758;12.8477;0.220818
neptune;22.8517;19.2028;-0.920768
sun;0.00565544;-0.00492064;-0.000145508
jupiter;2.1088;4.56269;-0.0662817
saturn;1.68153;-9.94128;0.105081
uranus;-17.2261;6.51645;0.247325
neptune;18.7441;23.2584;-0.909695
sun;0.0103914;0.00056839;-0.000210628
jupiter;-4.69732;-2.79758;0.116772
saturn;8.88973;-4.01429;-0.284704
uranus;-18.3938;-0.826979;0.235317
neptune;13.9447;26.4554;-0.865044
sun;0.00183029;-0.00480007;3.49482e-05
jupiter;4.95299;0.148449;-0.111329
saturn;7.3035;5.6265;-0.388245
uranus;-16.695;-8.04384;0.186628
neptune;8.6325;28.6791;-0.788573
sun;0.0142128;-0.00725893;-0.000266984
jupiter;-5.02275;2.00189;0.103853
saturn;-2.32842;8.74107;-0.0579521
uranus;-12.4397;-14.0359;0.109337
neptune;3.00426;29.8521;-0.68322
sun;0.0089916;0.00112674;-0.000248526
jupiter;2.56526;-4.457;-0.0386748
saturn;-9.30509;1.56398;0.344311
uranus;-6.3398;-17.9598;0.015783
neptune;-2.73338;29.9372;-0.552969
sun;0.0116978;-0.00523289;-0.000305608
jupiter;-1.13322;5.0517;0.00406417
saturn;-6.473;-7.55516;0.388808
uranus;0.664884;-19.3492;-0.0801316
neptune;-8.37189;28.9374;-0.402683
sun;0.0103173;0.00487851;-0.000285685
jupiter;-2.39987;-4.81881;0.0737962
saturn;2.4906;-9.77664;0.0695529
uranus;7.58827;-18.1314;-0.165341
neptune;-13.7087;26.8953;-0.237895
sun;0.00255757;-0.00473863;-2.04235e-05
jupiter;3.71775;3.29441;-0.0968664
saturn;9.16625;-3.23515;-0.309794
uranus;13.5392;-14.5727;-0.229281
neptune;-18.5548;23.8903;-0.0645932
sun;0.0119686;-0.00335639;-0.000220335
jupiter;-5.3738;-1.0347;0.124439
saturn;6.71312;6.26165;-0.375858
uranus;17.8086;-9.19639;-0.264739
neptune;-22.7407;20.0353;0.111008
sun;0.00532411;-0.00322354;-0.000120921
jupiter;4.63577;-1.88658;-0.0956579
saturn;-3.18649;8.47198;-0.0189615
uranus;19.9117;-2.69857;-0.267999
neptune;-26.1222;15.4715;0.282683
sun;0.0154434;-0.00626462;-0.00040125
jupiter;-3.94006;3.58906;0.0728714
saturn;-9.45155;0.700384;0.365164
uranus;19.6093;4.1249;-0.238896
neptune;-28.5845;10.3633;0.444411
sun;0.0101449;0.00463919;-0.000349056
jupiter;0.726902;-5.19234;0.00559389
saturn;-5.83035;-8.09133;0.372065
uranus;16.9188;10.4431;-0.180731
neptune;-30.0456;4.89188;0.590577
sun;0.00761107;-0.00461648;-0.000217294
jupiter;0.890683;5.00091;-0.0410761
saturn;3.29266;-9.50783;0.032104
uranus;12.1224;15.4555;-0.100114
neptune;-30.4585;-0.750354;0.71614
sun;0.0107467;0.00184104;-0.000260641
jupiter;-3.95748;-3.73987;0.104151
saturn;9.37063;-2.35148;-0.3337
uranus;5.76613;18.4676;-0.0066797
neptune;-29.8116;-6.36662;0.816787
sun;0.00364215;-0.00550857;-5.53756e-05
jupiter;4.72902;1.45257;-0.111727
saturn;5.99583;6.90845;-0.358127
uranus;-1.35991;18.9845;0.0875179
neptune;-28.1293;-11.7619;0.889066
sun;0.0163325;-0.00492782;-0.0003879
jupiter;-5.37339;0.852733;0.116222
saturn;-4.07575;8.11037;0.0237763
uranus;-8.2836;16.8148;0.169164
neptune;-25.4706;-16.7492;0.930487
sun;0.00943589;0.00216414;-0.00032195
jupiter;3.55166;-3.63498;-0.0639562
saturn;-9.52903;-0.203868;0.384574
uranus;-13.9737;12.16;0.225657
neptune;-21.9274;-21.1551;0.939599
sun;0.0137343;-0.00291501;-0.000404405
jupiter;-2.33593;4.69242;0.0321351
saturn;-5.13549;-8.59307;0.352972
uranus;-17.5207;5.64758;0.247567
neptune;-17.6216;-24.8254;0.916034
sun;0.00983653;0.00715846;-0.000315231
jupiter;-1.23546;-5.18524;0.0494457
saturn;4.06125;-9.20587;-0.00420993
uranus;-18.3362;-1.74315;0.230871
neptune;-12.7012;-27.6302;0.860524
sun;0.0041129;-0.00357347;-8.60011e-05
jupiter;2.74709;4.18198;-0.0790075
saturn;9.50309;-1.53207;-0.353559
uranus;-16.2979;-8.86504;0.178219
neptune;-7.33613;-29.4681;0.774895
sun;0.0122457;0.000229245;-0.000272063
jupiter;-5.02105;-2.17392;0.121229
saturn;5.29488;7.42035;-0.338937
uranus;-11.7724;-14.6412;0.0983337
neptune;-1.71313;-30.2704;0.662026
sun;0.00507739;-0.0012038;-0.000157236
jupiter;4.93358;-0.601551;-0.107553
saturn;-4.85798;7.68777;0.0624668
uranus;-5.50942;-18.2702;0.00388513
neptune;3.97042;-30.0031;0.52576
sun;0.0150099;-0.00181208;-0.000433218
jupiter;-4.69528;2.63165;0.0934787
saturn;-9.51775;-1.06023;0.398873
uranus;1.53663;-19.3356;-0.0912428
neptune;9.51289;-28.6697;0.370801
sun;0.00666589;0.00737016;-0.000290759
jupiter;1.92492;-4.80512;-0.0225479
saturn;-4.42444;-8.99956;0.33106
uranus;8.38567;-17.8107;-0.174263
neptune;14.7152;-26.3113;0.202573
sun;0.00574776;-0.00250567;-0.000181526
jupiter;-0.390443;5.12682;-0.0132093
saturn;4.79517;-8.80296;-0.04131
uranus;14.1651;-13.9989;-0.234984
neptune;19.3881;-23.0063;0.0270452
sun;0.00651987;0.00388512;-0.000171904
jupiter;-3.0184;-4.49212;0.0864303
saturn;9.5408;-0.62564;-0.371105
uranus;18.1909;-8.44822;-0.266588
neptune;23.359;-18.8683;-0.149474
sun;0.000860794;-0.00592176;2.81972e-06
jupiter;4.17641;2.66057;-0.104454
saturn;4.46681;7.91533;-0.314049
uranus;20.0084;-1.86948;-0.265854
neptune;26.4796;-14.0433;-0.32056
sun;0.012866;-0.00341083;-0.000327061
jupiter;-5.45611;-0.343998;0.122946
saturn;-5.65208;7.16572;0.104083
uranus;19.4103;4.93452;-0.233045
neptune;28.631;-8.70437;-0.479916
sun;0.00469363;0.000772603;-0.000211596
jupiter;4.31089;-2.5839;-0.0851028
saturn;-9.43075;-1.95321;0.411219
uranus;16.4459;11.1337;-0.171853
neptune;29.7297;-3.04541;-0.621625
sun;0.0106374;-0.00395581;-0.000316412
jupiter;-3.41311;4.05942;0.0585955
saturn;-3.65926;-9.37427;0.306726
uranus;11.4287;15.9364;-0.0892558
neptune;29.7313;2.72584;-0.740395
sun;0.00510484;0.00426031;-0.00017165
jupiter;-0.00524077;-5.27477;0.0225965
saturn;5.50144;-8.37825;-0.077312
uranus;4.9347;18.6675;0.00480525
neptune;28.633;8.39613;-0.831771
sun;0.00285576;-0.00808626;-9.73e-06
jupiter;1.58866;4.78982;-0.0558388
saturn;9.52713;0.200022;-0.385069
uranus;-2.22078;18.8623;0.0980835
neptune;26.4739;13.7552;-0.892331
sun;0.010717;-0.00289551;-0.000199583
jupiter;-4.41575;-3.21303;0.112128
saturn;3.69158;8.27752;-0.289094
uranus;-9.05097;16.372;0.177269
neptune;23.3338;18.6042;-0.919822
sun;0.00513199;-0.00617432;-0.000110871
jupiter;4.89818;0.721026;-0.112208
saturn;-6.32111;6.60979;0.140598
uranus;-14.5272;11.4498;0.229978
neptune;19.3298;22.7644;-0.913261
sun;0.0160017;-0.00413835;-0.00040468
jupiter;-5.20233;1.52509;0.10929
saturn;-9.26437;-2.7752;0.418655
uranus;-17.7656;4.77063;0.247292
neptune;14.612;26.0835;-0.872967
sun;0.00662766;0.00343341;-0.000216477
jupiter;3.01415;-4.13535;-0.049378
saturn;-2.89829;-9.64703;0.280458
uranus;-18.2277;-2.65362;0.225996
neptune;9.35637;28.4422;-0.800536
sun;0.00867589;-0.00549869;-0.0001687
jupiter;-1.64763;4.93424;0.0154726
saturn;6.15256;-7.8595;-0.112959
uranus;-15.8528;-9.66844;0.169513
neptune;3.75787;29.758;-0.69876
sun;0.0080855;0.00167157;-0.000137327
jupiter;-1.9128;-5.01535;0.0641842
saturn;9.40533;1.09514;-0.395743
uranus;-11.0638;-15.2189;0.0871808
neptune;-1.97761;29.9885;-0.571499
sun;0.00496928;-0.00859577;-3.26716e-05
jupiter;3.34258;3.68794;-0.0902162
saturn;2.79443;8.60495;-0.258279
uranus;-4.64761;-18.5465;-0.00802467
neptune;-7.64127;29.1314;-0.423515
sun;0.0159445;-0.00272792;-0.000366116
jupiter;-5.25572;-1.52842;0.123449
saturn;-6.98926;5.9576;0.179456
uranus;2.42718;-19.2846;-0.102237
neptune;-13.0294;27.2242;-0.260269
sun;0.00688573;-8.165e-05;-0.000227113
jupiter;4.79645;-1.35957;-0.100912
saturn;-9.01996;-3.62304;0.423782
uranus;9.18723;-17.4532;-0.182948
neptune;-17.9508;24.3418;-0.0876994
sun;0.013563;-0.00263057;-0.00035887
jupiter;-4.29794;3.19992;0.0817526
saturn;-2.08607;-9.87959;0.251715
uranus;14.7811;-13.3916;-0.240395
neptune;-22.2332;20.593;0.0879921
sun;0.0057634;0.00450637;-0.000168912
jupiter;1.234;-5.06228;-0.00568378
saturn;6.77475;-7.31655;-0.147575
uranus;18.5527;-7.67362;-0.268192
neptune;-25.7289;16.1155;0.260569
sun;0.00599072;-0.00785883;-8.19488e-05
jupiter;0.327002;5.09397;-0.0292072
saturn;9.24266;1.90974;-0.403356
uranus;20.0774;-1.02485;-0.263527
neptune;-28.3193;11.0708;0.423977
sun;0.0119215;-0.00108385;-0.000261874
jupiter;-3.57975;-4.08629;0.0972398
saturn;1.97012;8.81608;-0.22863
uranus;19.1793;5.74704;-0.227113
neptune;-29.9178;5.63822;0.572538
sun;0.00706824;-0.00586899;-0.000200125
jupiter;4.52674;2.00323;-0.109387
saturn;-7.53266;5.30419;0.212505
uranus;15.9405;11.8143;-0.163019
neptune;-30.4728;0.00883459;0.70113
sun;0.017126;-0.00142216;-0.000488246
jupiter;-5.43943;0.339876;0.119406
saturn;-8.72073;-4.38039;0.424531
uranus;10.7066;16.3955;-0.0785685
neptune;-29.968;-5.62097;0.805339
sun;0.00628113;0.00374196;-0.000254394
jupiter;3.91802;-3.20037;-0.0733247
saturn;-1.30504;-10.0137;0.222032
uranus;4.08412;18.8356;0.015992
neptune;-28.4229;-11.0559;0.881596
sun;0.0104241;-0.00424651;-0.000256859
jupiter;-2.81292;4.45181;0.0432014
saturn;7.32209;-6.6968;-0.180833
uranus;-3.08681;18.7027;0.10822
neptune;-25.8921;-16.1076;0.92728
sun;0.00805592;0.00268087;-0.00019168
jupiter;-0.701682;-5.26573;0.0384025
saturn;8.96318;2.76512;-0.406929
uranus;-9.80639;15.8921;0.184813
neptune;-22.463;-20.6007;0.940796
sun;0.0074896;-0.00796839;-0.000150378
jupiter;2.27676;4.47157;-0.0699945
saturn;1.03948;8.96713;-0.193383
uranus;-15.0523;10.7087;0.233673
neptune;-18.2534;-24.3782;0.921625
sun;0.0167143;0.000529513;-0.000453451
jupiter;-4.78931;-2.6371;0.117728
saturn;-8.05575;4.55467;0.247079
uranus;-17.9723;3.87737;0.246428
neptune;-13.4078;-27.3068;0.87035
sun;0.00721994;0.00124982;-0.000280806
jupiter;4.9568;-0.0369013;-0.110058
saturn;-8.3364;-5.1574;0.422594
uranus;-18.0792;-3.55962;0.220639
neptune;-8.09354;-29.281;0.78865
sun;0.0140287;0.000910914;-0.000407133
jupiter;-4.95467;2.165;0.100569
saturn;-0.472586;-10.1033;0.189914
uranus;-15.3737;-10.4472;0.160564
neptune;-2.49502;-30.2272;0.679259
sun;0.00411522;0.0063888;-0.000153256
jupiter;2.40169;-4.54769;-0.0336637
saturn;7.8406;-6.05639;-0.212879
uranus;-10.3335;-15.7571;0.0760753
neptune;3.19165;-30.1067;0.545888
sun;0.00652117;-0.00547502;-0.000116997
jupiter;-0.962897;5.07956;-0.000668939
saturn;8.65658;3.53611;-0.407766
uranus;-3.77994;-18.776;-0.0196237
neptune;8.76513;-28.9175;0.393132
sun;0.00988121;0.00224333;-0.000249684
jupiter;-2.55689;-4.74721;0.0774016
saturn;0.196617;9.0196;-0.160101
uranus;3.30819;-19.187;-0.112723
neptune;14.0256;-26.6956;0.226331
sun;0.00571783;-0.00407113;-0.000193513
jupiter;3.83624;3.15193;-0.0989898
saturn;-8.46572;3.82675;0.275999
uranus;9.96622;-17.0546;-0.190987
neptune;18.7818;-23.5143;0.0513886
sun;0.0139359;0.00213296;-0.000434967
jupiter;-5.40017;-0.866354;0.1236
saturn;-7.92348;-5.83784;0.417302
uranus;15.3644;-12.7531;-0.245063
neptune;22.8586;-19.4826;-0.125423
sun;0.0017485;0.0039861;-0.000144631
jupiter;4.56514;-2.0539;-0.0924574
saturn;0.304183;-10.105;0.158016
uranus;18.8755;-6.87974;-0.269028
neptune;26.1037;-14.742;-0.297679
sun;0.00731119;-0.00343917;-0.000176027
jupiter;-3.82508;3.71015;0.0686913
saturn;8.26712;-5.3583;-0.242589
uranus;20.1068;-0.173985;-0.260503
neptune;28.3939;-9.46211;-0.459047
sun;0.00313553;0.00173919;-6.8756e-05
jupiter;0.547849;-5.22299;0.0106358
saturn;8.22613;4.32174;-0.403974
uranus;18.9144;6.55109;-0.220615
neptune;29.6402;-3.83443;-0.603541
sun;0.00536322;-0.00987046;-9.30088e-05
jupiter;1.05046;4.95626;-0.0449616
saturn;-0.737313;8.99095;-0.12163
uranus;15.4122;12.4725;-0.153859
neptune;29.7929;1.93472;-0.725766
sun;0.0128629;-0.000455988;-0.000358296
jupiter;-4.07946;-3.6184;0.106221
saturn;-8.83671;3.00639;0.305453
uranus;9.97756;16.8227;-0.0678655
neptune;28.8432;7.63219;-0.821135
sun;0.00440518;-0.00278646;-0.000180687
jupiter;4.7707;1.28725;-0.111555
saturn;-7.41794;-6.52911;0.408747
uranus;3.24564;18.9698;0.0268767
neptune;26.8246;13.0466;-0.886068
sun;0.0120922;-0.00174241;-0.000317051
jupiter;-5.3515;1.00484;0.114271
saturn;1.13725;-10.057;0.123426
uranus;-3.92187;18.5155;0.117788
neptune;23.8113;17.9771;-0.918146
sun;0.00204787;0.0011717;-4.15692e-05
jupiter;3.42349;-3.75707;-0.0595323
saturn;8.67373;-4.639;-0.271347
uranus;-10.5161;15.3992;0.191625
neptune;19.916;22.2415;-0.91621
sun;0.00812458;-0.00965168;-9.27141e-05
jupiter;-2.19732;4.7473;0.0280152
saturn;7.78966;5.02581;-0.398157
uranus;-15.5244;9.97403;0.236606
neptune;15.2845;25.6835;-0.880404
sun;0.0104096;-0.00111936;-0.000210085
jupiter;-1.39096;-5.1611;0.053471
saturn;-1.56289;8.88658;-0.0861909
uranus;-18.1267;3.00831;0.244933
neptune;10.0899;28.1787;-0.812154
sun;0.00876046;-0.00779129;-0.000203387
jupiter;2.88215;4.08025;-0.0818475
saturn;-9.09906;2.23296;0.329235
uranus;-17.8883;-4.4287;0.214872
neptune;4.52508;29.6398;-0.7141
sun;0.0158947;0.000996568;-0.000420711
jupiter;-5.07708;-2.03608;0.121488
saturn;-6.90077;-7.11597;0.397643
uranus;-14.868;-11.1809;0.151417
neptune;-1.20483;30.0185;-0.589976
sun;0.00390396;0.000848616;-0.000119704
jupiter;4.91225;-0.769052;-0.105547
saturn;1.89842;-9.9282;0.0899641
uranus;-9.59214;-16.2469;0.0650463
neptune;-6.89086;29.3075;-0.444439
sun;0.0109693;-0.00403712;-0.000200235
jupiter;-4.61914;2.75649;0.0903184
saturn;8.97723;-3.88007;-0.296954
uranus;-2.91458;-18.9585;-0.0308868
neptune;-12.3282;27.539;-0.282867
sun;0.00531055;0.000650365;-7.58831e-05
jupiter;1.77528;-4.87459;-0.0178911
saturn;7.2322;5.71975;-0.387452
uranus;4.17586;-19.0475;-0.122679
neptune;-17.3235;24.7832;-0.111154
sun;0.00994656;-0.00966133;-0.000179872
jupiter;-0.241289;5.12095;-0.0171608
saturn;-2.46029;8.69141;-0.04624
uranus;10.7233;-16.6216;-0.198383
neptune;-21.7018;21.1446;0.0645166
sun;0.0146406;0.00155829;-0.000402127
jupiter;-3.14884;-4.41042;0.089104
saturn;-9.31198;1.37715;0.352779
uranus;15.919;-12.0891;-0.249048
neptune;-25.3117;16.7574;0.237903
sun;0.00670748;-0.00247783;-0.000232563
jupiter;4.25385;2.52837;-0.105486
saturn;-6.29174;-7.70122;0.38289
uranus;19.164;-6.07024;-0.269193
neptune;-28.0306;11.7802;0.402919
sun;0.0134623;0.000698685;-0.00036394
jupiter;-5.46472;-0.206299;0.121939
saturn;2.70865;-9.73931;0.0538151
uranus;20.0972;0.682492;-0.256878
neptune;-29.7677;6.39018;0.553824
sun;0.00243695;0.00119485;-7.081e-05
jupiter;4.22871;-2.71741;-0.081768
saturn;9.25398;-3.09547;-0.321508
uranus;18.608;7.35166;-0.213621
neptune;-30.4666;0.777223;0.685413
sun;0.0105135;-0.00800904;-0.000194655
jupiter;-3.30387;4.13806;0.0549658
saturn;6.67023;6.33886;-0.374974
uranus;14.8436;13.1174;-0.144297
neptune;-30.1063;-4.8629;0.793174
sun;0.0105082;0.000488921;-0.000279859
jupiter;-0.145596;-5.28383;0.0264931
saturn;-3.25231;8.43926;-0.00965354
uranus;9.21267;17.2254;-0.0569219
neptune;-28.7016;-10.3345;0.87342
sun;0.0106615;-0.00664928;-0.00031352
jupiter;1.72827;4.7366;-0.0593043
saturn;-9.4356;0.581975;0.371162
uranus;2.37972;19.069;0.0377908
neptune;-26.3022;-15.4482;0.9234
sun;0.0156734;0.00360868;-0.000481682
jupiter;-4.49256;-3.09911;0.113118
saturn;-5.69521;-8.18543;0.366641
uranus;-4.77129;18.2866;0.127149
neptune;-22.9912;-20.0266;0.941376
sun;0.00414955;0.000822547;-0.000170368
jupiter;4.91756;0.574589;-0.111509
saturn;3.43147;-9.48668;0.0197262
uranus;-11.2234;14.8644;0.197995
neptune;-18.8821;-23.9101;0.926678
sun;0.0120253;-0.00185919;-0.000274909
jupiter;-5.16476;1.65274;0.107043
saturn;9.42274;-2.293;-0.342303
uranus;-15.9776;9.20663;0.23891
neptune;-14.1159;-26.9621;0.87974
sun;0.00513888;0.00153745;-0.000121181
jupiter;2.89386;-4.22643;-0.0453758
saturn;5.99644;6.92299;-0.35758
uranus;-18.2507;2.12425;0.242733
neptune;-8.85693;-29.0729;0.802091
sun;0.011927;-0.00719097;-0.000279681
jupiter;-1.52287;4.96425;0.0116977
saturn;-4.0901;8.08865;0.030513
uranus;-17.6632;-5.29116;0.208498
neptune;-3.28728;-30.1645;0.696314
sun;0.0135379;0.00497375;-0.000425471
jupiter;-2.05108;-4.96684;0.0673151
saturn;-9.49388;-0.28191;0.388384
uranus;-14.3341;-11.8898;0.141871
neptune;2.39836;-30.193;0.565991
sun;0.00648784;-0.000651456;-0.000249664
jupiter;3.43477;3.59501;-0.0920887
saturn;-5.00336;-8.65296;0.34635
uranus;-8.83888;-16.7012;0.0537946
neptune;7.99906;-29.1513;0.415601
sun;0.011624;0.00426838;-0.000338869
jupiter;-5.29678;-1.40753;0.123437
saturn;4.1987;-9.16328;-0.0170045
uranus;-2.05696;-19.1011;-0.0421122
neptune;13.3144;-27.0698;0.250384
sun;-5.84824e-05;0.00198312;-1.54474e-05
jupiter;4.74894;-1.4942;-0.0985259
saturn;9.56023;-1.46559;-0.361829
uranus;5.01824;-18.8703;-0.132336
neptune;18.1517;-24.0166;0.0761722
sun;0.009225;-0.00545014;-0.000179178
jupiter;-4.22605;3.29113;0.078923
saturn;5.32733;7.43268;-0.338724
uranus;11.4423;-16.1587;-0.20528
neptune;22.3332;-20.0958;-0.1008
sun;0.00664467;0.00204085;-0.000207081
jupiter;1.10537;-5.10205;-0.00183223
saturn;-4.82127;7.6972;0.0670049
uranus;16.4283;-11.4058;-0.252391
neptune;25.7027;-15.4446;-0.274112
sun;0.00834352;-0.00570684;-0.000263978
jupiter;0.453978;5.07788;-0.0327399
saturn;-9.48062;-1.08021;0.401154
uranus;19.4049;-5.25343;-0.268623
neptune;28.1325;-10.2288;-0.437404
sun;0.0107196;0.00465218;-0.000361389
jupiter;-3.67737;-4.00275;0.099117
saturn;-4.34291;-9.03189;0.325578
uranus;20.0417;1.53346;-0.252481
neptune;29.5285;-4.63727;-0.584624
sun;0.000271405;-0.00161271;-5.00898e-05
jupiter;4.57282;1.87628;-0.109572
saturn;4.86681;-8.79897;-0.0508153
uranus;18.2607;8.1339;-0.205911
neptune;29.8351;1.12537;-0.710273
sun;0.0086974;-0.00312645;-0.000172399
jupiter;-5.43884;0.456148;0.118297
saturn;9.58747;-0.647181;-0.377073
uranus;14.2425;13.7334;-0.134152
neptune;29.0379;6.84627;-0.809636
sun;0.00163975;-0.00241433;-1.07844e-05
jupiter;3.82599;-3.31465;-0.0698434
saturn;4.55759;7.88102;-0.315077
uranus;8.42897;17.5922;-0.04555
neptune;27.164;12.3132;-0.87898
sun;0.0112319;-0.0100053;-0.000238289
jupiter;-2.71489;4.49932;0.0399581
saturn;-5.57432;7.19905;0.106194
uranus;1.51219;19.1293;0.0488865
neptune;24.2824;17.3232;-0.915715
sun;0.0110387;0.00174533;-0.000331325
jupiter;-0.841492;-5.25754;0.042023
saturn;-9.38666;-1.9356;0.411861
uranus;-5.60478;18.0216;0.136428
neptune;20.5007;21.6909;-0.918501
sun;0.00681481;-0.00537492;-0.000194803
jupiter;2.37749;4.40614;-0.0723502
saturn;-3.58303;-9.37854;0.300349
uranus;-11.9001;14.3031;0.204065
neptune;15.9605;25.2557;-0.887297
sun;0.0115595;0.00108689;-0.000271286
jupiter;-4.85259;-2.54274;0.118687
saturn;5.57738;-8.3507;-0.0872695
uranus;-16.3909;8.42752;0.240783
neptune;10.8315;27.8885;-0.823358
sun;0.00142796;-0.00338919;2.77209e-05
jupiter;4.94628;-0.17453;-0.108597
saturn;9.58309;0.203949;-0.390954
uranus;-18.3333;1.24594;0.240073
neptune;5.30458;29.4966;-0.729169
sun;0.0127448;-0.00772033;-0.000203355
jupiter;-4.90886;2.25628;0.0984968
saturn;3.80036;8.26685;-0.290237
uranus;-17.4024;-6.13166;0.201734
neptune;-0.416111;30.0262;-0.608325
sun;0.00886642;-0.000393044;-0.000208341
jupiter;2.29574;-4.61897;-0.0300766
saturn;-6.22114;6.68213;0.14148
uranus;-13.7742;-12.5643;0.132111
neptune;-6.12153;29.4643;-0.46537
sun;0.012758;-0.00669472;-0.000316554
jupiter;-0.842743;5.08996;-0.00425549
saturn;-9.23482;-2.71275;0.418656
uranus;-8.06994;-17.1146;0.0425303
neptune;-11.6058;27.8379;-0.305604
sun;0.012635;0.00485401;-0.000360524
jupiter;-2.6609;-4.6947;0.0798608
saturn;-2.86891;-9.63841;0.2754
uranus;-1.19503;-19.204;-0.0532851
neptune;-16.6734;25.2123;-0.13487
sun;0.00369389;-0.00288372;-8.06865e-05
jupiter;3.91293;3.04622;-0.10018
saturn;6.18062;-7.8737;-0.120255
uranus;5.85271;-18.6582;-0.141853
neptune;-21.1464;21.6877;0.0406711
sun;0.0115828;-0.00170201;-0.000219865
jupiter;-5.42094;-0.761349;0.123272
saturn;9.46919;1.02601;-0.400367
uranus;12.1424;-15.6674;-0.211948
neptune;-24.8701;17.3946;0.214771
sun;0.00389815;-0.00246678;-6.27617e-05
jupiter;4.51149;-2.18231;-0.089893
saturn;2.96242;8.57257;-0.261338
uranus;16.9101;-10.7029;-0.255459
neptune;-27.7178;12.4886;0.381308
sun;0.0145675;-0.00743741;-0.000344315
jupiter;-3.74281;3.77563;0.0657002
saturn;-6.86503;6.06559;0.178138
uranus;19.6122;-4.42713;-0.267761
neptune;-29.5943;7.14489;0.534485
sun;0.0112336;0.00390971;-0.000372928
jupiter;0.417426;-5.24568;0.014307
saturn;-8.99706;-3.52875;0.422575
uranus;19.9489;2.38327;-0.247783
neptune;-30.4384;1.55186;0.669017
sun;0.00862022;-0.00398645;-0.00027084
jupiter;1.16153;4.92391;-0.047968
saturn;-2.06247;-9.85115;0.245791
uranus;17.8745;8.90389;-0.197886
neptune;-30.2243;-4.09532;0.780296
sun;0.0112836;0.00341348;-0.000312411
jupiter;-4.1574;-3.53963;0.107793
saturn;6.81031;-7.30506;-0.155507
uranus;13.6027;14.3253;-0.123702
neptune;-28.9621;-9.60068;0.864518
sun;0.00216462;-0.00358977;-3.7818e-05
jupiter;4.79675;1.16053;-0.111275
saturn;9.3101;1.87683;-0.407868
uranus;7.60814;17.923;-0.033904
neptune;-26.6968;-14.7737;0.918799
sun;0.0140247;-0.00533368;-0.000307491
jupiter;-5.32824;1.10527;0.112719
saturn;2.13321;8.81508;-0.23109
uranus;0.613766;19.1428;0.060236
neptune;-23.507;-19.4353;0.941262
sun;0.00858043;0.000629068;-0.000275608
jupiter;3.33954;-3.84672;-0.0564765
saturn;-7.41343;5.43531;0.211221
uranus;-6.45621;17.7006;0.14582
neptune;-19.5021;-23.4232;0.931091
sun;0.0141617;-0.00450328;-0.000414059
jupiter;-2.08833;4.7898;0.0243492
saturn;-8.71718;-4.27027;0.423426
uranus;-12.5767;13.6809;0.210029
neptune;-14.8195;-26.5975;0.888567
sun;0.0114048;0.00698527;-0.000383378
jupiter;-1.50541;-5.13007;0.0563963
saturn;-1.31522;-9.991;0.217391
uranus;-16.784;7.59073;0.242309
neptune;-9.62017;-28.8447;0.815065
sun;0.00443698;-0.00228722;-0.000128371
jupiter;2.97841;4.00379;-0.0839531
saturn;7.32865;-6.72879;-0.186641
uranus;-18.3785;0.323139;0.236858
neptune;-4.08384;-30.082;0.713018
sun;0.0113337;0.00102382;-0.000252503
jupiter;-5.12501;-1.93612;0.121966
saturn;9.04885;2.67739;-0.410751
uranus;-17.0954;-6.99573;0.194304
neptune;1.59635;-30.2607;0.585874
sun;0.00354278;-0.00153205;-8.70729e-05
jupiter;4.88847;-0.90412;-0.103874
saturn;1.24509;8.96369;-0.197422
uranus;-13.1706;-13.2391;0.121701
neptune;7.22011;-29.3685;0.43799
sun;0.0146552;-0.00380655;-0.000384028
jupiter;-4.56059;2.84073;0.0877707
saturn;-7.93568;4.71545;0.24459
uranus;-7.26976;-17.5078;0.0307874
neptune;12.5867;-27.4302;0.274503
sun;0.00828932;0.00632301;-0.000324065
jupiter;1.64665;-4.92759;-0.0140651
saturn;-8.34642;-5.02922;0.420766
uranus;-0.319057;-19.273;-0.0646745
neptune;17.5022;-24.5086;0.101171
sun;0.00721239;-0.0020633;-0.000237432
jupiter;-0.131226;5.1187;-0.02048
saturn;-0.48324;-10.0647;0.184297
uranus;6.68408;-18.4091;-0.151426
neptune;21.7861;-20.7029;-0.0758157
sun;0.00735805;0.00545233;-0.000217022
jupiter;-3.2504;-4.35006;0.0915464
saturn;7.85763;-6.04992;-0.219594
uranus;12.8233;-15.1447;-0.218514
neptune;25.2788;-16.1455;-0.25005
sun;-0.000438103;-0.0042242;3.67231e-05
jupiter;4.30731;2.4105;-0.106114
saturn;8.73097;3.50244;-0.411205
uranus;17.3598;-9.97833;-0.258281
neptune;27.8481;-10.9986;-0.415154
sun;0.0111027;-0.00397505;-0.000243341
jupiter;-5.47062;-0.102433;0.121232
saturn;0.370029;9.04794;-0.162583
uranus;19.78;-3.59149;-0.266571
neptune;29.3948;-5.44804;-0.565016
sun;0.0043769;-0.000516799;-0.000171408
jupiter;4.1628;-2.83215;-0.0790523
saturn;-8.36588;3.98998;0.274313
uranus;19.8154;3.22882;-0.242741
neptune;29.8574;0.303306;-0.694035
sun;0.011433;-0.00503495;-0.000333528
jupiter;-3.21086;4.20322;0.0515844
saturn;-7.94449;-5.7184;0.415596
uranus;17.4522;9.65593;-0.189566
neptune;29.2152;6.04334;-0.797365
sun;0.00656203;0.00475975;-0.000237497
jupiter;-0.273154;-5.28503;0.0301185
saturn;0.282948;-10.0836;0.152987
uranus;12.937;14.887;-0.113067
neptune;27.4897;11.5592;-0.871122
sun;0.00266836;-0.00650515;-3.66882e-05
jupiter;1.84081;4.68131;-0.0620252
saturn;8.27807;-5.39014;-0.24809
uranus;6.77655;18.2147;-0.0222487
neptune;24.744;16.6461;-0.912545
sun;0.00926971;-0.00218299;-0.000163532
jupiter;-4.56778;-3.01393;0.114616
saturn;8.32806;4.24907;-0.407284
uranus;-0.278539;19.1136;0.0714034
neptune;21.0805;21.1153;-0.920112
sun;0.00327054;-0.00694546;-3.3995e-05
jupiter;4.9284;0.426356;-0.110695
saturn;-0.531556;9.02425;-0.125441
uranus;-7.28511;17.3418;0.154933
neptune;16.6361;24.8021;-0.893597
sun;0.015738;-0.00649221;-0.000368271
jupiter;-5.1264;1.74732;0.105096
saturn;-8.74348;3.1859;0.303133
uranus;-13.216;13.0331;0.21564
neptune;11.5774;27.5727;-0.834077
sun;0.00827475;0.00222638;-0.000263672
jupiter;2.77614;-4.31991;-0.0414891
saturn;-7.44426;-6.40366;0.406311
uranus;-17.1306;6.74438;0.243488
neptune;6.09286;29.3289;-0.743874
sun;0.0101677;-0.00534092;-0.000233966
jupiter;-1.40793;4.98604;0.00812387
saturn;1.12674;-10.0161;0.11709
uranus;-18.3749;-0.592767;0.233391
neptune;0.38539;30.0111;-0.626439
sun;0.00895488;0.0029233;-0.000185882
jupiter;-2.16917;-4.93287;0.0705582
saturn;8.69318;-4.61606;-0.277766
uranus;-16.7439;-7.83865;0.186759
neptune;-5.33602;29.6007;-0.486199
sun;0.00385704;-0.00752991;1.25405e-06
jupiter;3.52589;3.48597;-0.0938107
saturn;7.85758;5.02125;-0.400314
uranus;-12.5317;-13.8825;0.111314
neptune;-10.8643;28.1193;-0.328369
sun;0.0149588;-0.00377702;-0.000300476
jupiter;-5.32411;-1.30236;0.123455
saturn;-1.42211;8.94306;-0.0870039
uranus;-6.44601;-17.8638;0.0191821
neptune;-16.002;25.6271;-0.158738
sun;0.00747863;-0.00134786;-0.000214094
jupiter;4.71632;-1.63405;-0.0965551
saturn;-9.03814;2.38755;0.328545
uranus;0.567402;-19.3026;-0.0758149
neptune;-20.5683;22.2198;0.01656
sun;0.0152258;-0.00328372;-0.00040284
jupiter;-4.14067;3.38158;0.0756517
saturn;-6.92606;-7.01644;0.395103
uranus;7.51312;-18.1211;-0.16065
neptune;-24.4048;18.0241;0.191274
sun;0.00771092;0.00576842;-0.000249415
jupiter;0.97628;-5.13633;0.00212421
saturn;1.89386;-9.90117;0.0835258
uranus;13.4918;-14.5876;-0.224747
neptune;-27.3809;13.1928;0.359244
sun;0.00596478;-0.00564382;-0.000108689
jupiter;0.590191;5.05292;-0.0363329
saturn;8.99804;-3.87644;-0.302771
uranus;17.7892;-9.22929;-0.260815
neptune;-29.3967;7.89877;0.514616
sun;0.0105709;0.000197461;-0.000222276
jupiter;-3.77415;-3.92771;0.101366
saturn;7.31508;5.69771;-0.389434
uranus;19.921;-2.74423;-0.265163
neptune;-30.3865;2.32893;0.652028
sun;0.00530753;-0.00608319;-0.000125192
jupiter;4.62899;1.72859;-0.110077
saturn;-2.30976;8.75327;-0.0477416
uranus;19.6517;4.0722;-0.237579
neptune;-30.3197;-3.32209;0.76677
sun;0.0169481;-0.00290537;-0.000463003
jupiter;-5.4194;0.571372;0.116776
saturn;-9.26467;1.53466;0.351761
uranus;17.0001;10.3925;-0.181224
neptune;-29.2016;-8.85807;0.854925
sun;0.00746875;0.00358717;-0.000302499
jupiter;3.72871;-3.4404;-0.0663662
saturn;-6.31683;-7.60296;0.379412
uranus;12.2458;15.4214;-0.102495
neptune;-27.0724;-14.0875;0.91348
sun;0.0110432;-0.00334347;-0.000310256
jupiter;-2.59766;4.55905;0.036027
saturn;2.72129;-9.68755;0.045706
uranus;5.92711;18.4689;-0.0107418
neptune;-24.0061;-18.8295;0.94042
sun;0.0077325;0.00429818;-0.00021658
jupiter;-0.977886;-5.24483;0.0458822
saturn;9.27472;-3.02471;-0.328074
uranus;-1.17749;19.0392;0.0823122
neptune;-20.1082;-22.9196;0.934786
sun;0.00521205;-0.00726481;-8.90868e-05
jupiter;2.50323;4.32314;-0.0753172
saturn;6.69509;6.38216;-0.374815
uranus;-8.10706;16.9325;0.163653
neptune;-15.5123;-26.2144;0.896706
sun;0.0151006;-0.00109906;-0.000379113
jupiter;-4.91119;-2.42951;0.119487
saturn;-3.18255;8.49856;-0.00716801
uranus;-13.8343;12.3355;0.220773
neptune;-10.3761;-28.5965;0.827402
sun;0.0073428;-0.000517389;-0.000266604
jupiter;4.94747;-0.328589;-0.107603
saturn;-9.41189;0.685751;0.371856
uranus;-17.442;5.85796;0.244083
neptune;-4.8771;-29.979;0.729165
sun;0.0153762;-0.000244504;-0.00045085
jupiter;-4.84448;2.37933;0.0955502
saturn;-5.69615;-8.12457;0.362421
uranus;-18.3249;-1.53239;0.2293
neptune;0.793423;-30.3082;0.605305
sun;0.00569054;0.00715387;-0.000224766
jupiter;2.16112;-4.68757;-0.0258287
saturn;3.46679;-9.44274;0.0108876
uranus;-16.3419;-8.68531;0.178654
neptune;6.43595;-29.5663;0.460051
sun;0.00623435;-0.0040944;-0.000126909
jupiter;-0.696822;5.10357;-0.00844327
saturn;9.44749;-2.23112;-0.348413
uranus;-11.8473;-14.5101;0.100513
neptune;11.8497;-27.773;0.29843
sun;0.00868201;0.00259504;-0.000198965
jupiter;-2.79115;-4.63497;0.0831081
saturn;6.02559;6.95398;-0.356854
uranus;-5.58973;-18.1891;0.00735804
neptune;16.8393;-24.9857;0.126121
sun;0.00452926;-0.00508704;-0.000120551
jupiter;4.00819;2.90694;-0.101894
saturn;-4.02445;8.14114;0.0329991
uranus;1.46867;-19.2938;-0.0869651
neptune;21.2222;-21.2982;-0.0507336
sun;0.0146204;0.000377933;-0.000424057
jupiter;-5.43583;-0.630245;0.122624
saturn;-9.48161;-0.193972;0.388963
uranus;8.33782;-17.7945;-0.169677
neptune;24.8355;-16.8384;-0.22575
sun;0.00351915;0.00399032;-0.000199102
jupiter;4.43646;-2.34455;-0.0868277
saturn;-4.99542;-8.59853;0.34097
uranus;14.1386;-13.9976;-0.230601
neptune;27.5426;-11.7645;-0.392532
sun;0.00832056;-0.00232949;-0.000226506
jupiter;-3.63753;3.87028;0.0619123
saturn;4.25123;-9.08676;-0.0275391
uranus;18.1851;-8.4567;-0.2629
neptune;29.2393;-6.25919;-0.544915
sun;0.00296799;0.0035963;-8.13633e-05
jupiter;0.259499;-5.26946;0.0190045
saturn;9.5664;-1.32693;-0.368032
uranus;20.0239;-1.8867;-0.263294
neptune;29.8585;-0.523573;-0.677212
sun;0.00323974;-0.00920497;-1.91493e-05
jupiter;1.31428;4.86835;-0.0518356
saturn;5.26815;7.51765;-0.334511
uranus;19.4506;4.91052;-0.232037
neptune;29.3731;5.23116;-0.784451
sun;0.0116579;-0.00189162;-0.000288879
jupiter;-4.25511;-3.43357;0.109776
saturn;-4.84548;7.71403;0.0742472
uranus;16.5178;11.1096;-0.172694
neptune;27.7985;10.7918;-0.862591
sun;0.0046502;-0.00408154;-0.000172946
jupiter;4.83832;0.990598;-0.111257
saturn;-9.47302;-1.06684;0.402907
uranus;11.5376;15.9253;-0.0920013
neptune;25.192;15.9518;-0.908697
sun;0.0133046;-0.00241311;-0.000363971
jupiter;-5.29246;1.24989;0.110528
saturn;-4.28633;-9.01376;0.3185
uranus;5.0792;18.6878;0.000402577
neptune;21.6504;20.5195;-0.921066
sun;0.00307791;0.00227289;-0.00010489
jupiter;3.21125;-3.96367;-0.0520403
saturn;4.95749;-8.71625;-0.0628044
uranus;-2.05404;18.9331;0.0926067
neptune;17.3062;24.3264;-0.899287
sun;0.00722118;-0.00852273;-8.83012e-05
jupiter;-1.93697;4.83828;0.0198808
saturn;9.60033;-0.503669;-0.38301
uranus;-8.88779;16.5042;0.171595
neptune;12.3222;27.2338;-0.844257
sun;0.00893848;-0.00133504;-0.000154851
jupiter;-1.66283;-5.10294;0.0606706
saturn;4.49946;7.956;-0.310147
uranus;-14.3994;11.6378;0.225111
neptune;6.88442;29.1379;-0.758128
sun;0.00769569;-0.00944755;-0.000141661
jupiter;3.11975;3.87834;-0.0869403
saturn;-5.59672;7.20183;0.113276
uranus;-17.7;4.99194;0.244077
neptune;1.19432;29.9734;-0.644204
sun;0.0170121;-0.00107449;-0.000433371
jupiter;-5.17269;-1.80082;0.122307
saturn;-9.37527;-1.93897;0.412981
uranus;-18.2326;-2.43207;0.224888
neptune;-4.53927;29.7159;-0.50679
sun;0.00594384;0.000754767;-0.000190464
jupiter;4.85727;-1.1015;-0.101705
saturn;-3.50796;-9.35645;0.29169
uranus;-15.914;-9.47876;0.170596
neptune;-10.1083;28.3816;-0.351013
sun;0.0122807;-0.00308924;-0.000260935
jupiter;-4.46729;2.96811;0.084215
saturn;5.6792;-8.22202;-0.100797
uranus;-11.1541;-15.0798;0.090133
neptune;-15.3132;26.0253;-0.1826
sun;0.00544859;0.00236038;-9.24685e-05
jupiter;1.48559;-4.99652;-0.0089638
saturn;9.55539;0.424183;-0.396065
uranus;-4.73951;-18.4591;-0.00376039
neptune;-19.9704;22.738;-0.00765637
sun;0.00840409;-0.00930874;-0.000114707
jupiter;0.0509387;5.10186;-0.0253437
saturn;3.63688;8.37203;-0.280867
uranus;2.35297;-19.2368;-0.0972523
neptune;-23.9181;18.6429;0.167561
sun;0.0143914;0.000294598;-0.000358457
jupiter;-3.3794;-4.25798;0.0944892
saturn;-6.32665;6.62068;0.153329
uranus;9.13807;-17.4292;-0.177793
neptune;-27.0212;13.8894;0.336861
sun;0.00764935;-0.00312599;-0.000247384
jupiter;4.40379;2.2431;-0.107579
saturn;-9.20749;-2.80064;0.420117
uranus;14.7557;-13.3795;-0.235577
neptune;-29.1756;8.64815;0.494337
sun;0.0151126;0.000946193;-0.000425841
jupiter;-5.46396;0.0648334;0.119726
saturn;-2.73168;-9.64329;0.264302
uranus;18.5475;-7.66747;-0.264207
neptune;-30.3108;3.10462;0.634547
sun;0.00336761;0.00331504;-0.000131804
jupiter;4.06156;-2.98915;-0.0751165
saturn;6.31669;-7.726;-0.135284
uranus;20.0917;-1.0237;-0.260827
neptune;-30.3914;-2.54709;0.752681
sun;0.0092646;-0.00621943;-0.000177475
jupiter;-3.06078;4.29858;0.0468422
saturn;9.43467;1.25439;-0.404736
uranus;19.2171;5.74264;-0.226073
neptune;-29.4178;-8.11057;0.844707
sun;0.00870829;0.000826329;-0.000216153
jupiter;-0.448595;-5.29032;0.0350129
saturn;2.78762;8.65924;-0.250737
uranus;16.0083;11.8082;-0.163931
neptune;-27.4255;-13.3934;0.907486
sun;0.00921212;-0.00779729;-0.000250453
jupiter;2.0234;4.59458;-0.0664231
saturn;-6.96668;5.9777;0.189766
uranus;10.8102;16.4003;-0.0814807
neptune;-24.4843;-18.213;0.938866
sun;0.0162491;0.00218876;-0.000495228
jupiter;-4.65384;-2.87386;0.115914
saturn;-8.95767;-3.63206;0.42302
uranus;4.22245;18.8705;0.0113721
neptune;-20.6954;-22.4024;0.937744
sun;0.00514544;0.00119292;-0.000227596
jupiter;4.94888;0.21678;-0.109895
saturn;-1.90904;-9.84319;0.233159
uranus;-2.92694;18.7877;0.102536
neptune;-16.1887;-25.8149;0.904099
sun;0.0122047;-0.000958986;-0.00031424
jupiter;-5.06165;1.91247;0.102021
saturn;6.94453;-7.10633;-0.171466
uranus;-9.65117;16.0391;0.178997
neptune;-11.1188;-28.3297;0.839005
sun;0.00417193;0.00274719;-0.000111149
jupiter;2.61872;-4.43047;-0.036339
saturn;9.21512;2.17179;-0.41036
uranus;-14.9343;10.9119;0.228768
neptune;-5.66051;-29.8555;0.744613
sun;0.00977933;-0.00788014;-0.000198478
jupiter;-1.21781;5.02181;0.00262385
saturn;1.85039;8.90153;-0.215523
uranus;-17.9173;4.11126;0.243315
neptune;-0.0034972;-30.3338;0.62409
sun;0.013257;0.00289149;-0.000385209
jupiter;-2.33584;-4.86229;0.0745306
saturn;-7.57245;5.26403;0.226771
uranus;-18.0956;-3.33112;0.219767
neptune;5.65374;-29.7418;0.481543
sun;0.0074335;-0.0019463;-0.000267122
jupiter;3.66633;3.34124;-0.0966502
saturn;-8.63575;-4.45108;0.423026
uranus;-15.4481;-10.2559;0.161895
neptune;11.1103;-28.094;0.321893
sun;0.0134186;0.00399682;-0.000401218
jupiter;-5.36374;-1.1219;0.123063
saturn;-1.08985;-9.99237;0.201744
uranus;-10.4371;-15.6192;0.0792992
neptune;16.17;-25.4422;0.150738
sun;0.00089034;0.00362023;-6.54493e-05
jupiter;4.64726;-1.82464;-0.0933076
saturn;7.49063;-6.50179;-0.203887
uranus;-3.88292;-18.6902;-0.0150438
neptune;20.6478;-21.8752;-0.0258412
sun;0.00824391;-0.00439429;-0.000149992
jupiter;-4.0154;3.51845;0.0712818
saturn;8.94203;2.97074;-0.412097
uranus;3.22567;-19.1402;-0.107414
neptune;24.3779;-17.5161;-0.201489
sun;0.00550274;0.00183896;-0.00014324
jupiter;0.785849;-5.18671;0.00764994
saturn;0.96216;9.01793;-0.180941
uranus;9.91144;-17.03;-0.185535
neptune;27.2197;-12.5188;-0.369799
sun;0.00774675;-0.00707937;-0.000211702
jupiter;0.793502;5.01096;-0.0415691
saturn;-8.07336;4.51686;0.259116
uranus;15.3348;-12.7375;-0.239988
neptune;29.0641;-7.06306;-0.524558
sun;0.0120881;0.00356843;-0.000388295
jupiter;-3.90516;-3.80339;0.103982
saturn;-8.24507;-5.21671;0.41891
uranus;18.8652;-6.86669;-0.264812
neptune;29.8383;-1.3475;-0.66
sun;0.00154735;-0.000720456;-0.000106144
jupiter;4.70144;1.51731;-0.110577
saturn;-0.249969;-10.0473;0.16746
uranus;20.1123;-0.16219;-0.257602
neptune;29.5095;4.4176;-0.771041
sun;0.00895527;-0.00179492;-0.00020316
jupiter;-5.39687;0.755425;0.114768
saturn;7.99958;-5.78058;-0.236764
uranus;18.9376;6.56154;-0.219408
neptune;28.0869;10.0187;-0.853492
sun;0.000496073;-0.000912903;1.42242e-05
jupiter;3.59002;-3.60033;-0.0613607
saturn;8.55024;3.83473;-0.40968
uranus;15.4601;12.4838;-0.154592
neptune;25.6216;15.2475;-0.904241
sun;0.00909004;-0.0107065;-0.000153054
jupiter;-2.41649;4.63929;0.030528
saturn;-0.00937564;9.06752;-0.141177
uranus;10.0568;16.8434;-0.0706266
neptune;22.2048;19.91;-0.921394
sun;0.0108481;-5.72978e-05;-0.000301128
jupiter;-1.1716;-5.21712;0.0508737
saturn;-8.52917;3.6967;0.291551
uranus;3.35661;19.0167;0.0223447
neptune;17.9644;23.8339;-0.90436
sun;0.00751929;-0.00643324;-0.000217769
jupiter;2.68187;4.20883;-0.079268
saturn;-7.77962;-5.96711;0.411798
uranus;-3.78997;18.6085;0.112142
neptune;13.0592;26.8756;-0.853854
sun;0.0130221;0.000938045;-0.000336149
jupiter;-4.99482;-2.25834;0.120406
saturn;0.588752;-10.0549;0.132988
uranus;-10.3873;15.5517;0.185827
neptune;7.67242;28.9261;-0.771857
sun;0.00181452;-0.00193517;-1.41215e-05
jupiter;4.92927;-0.545078;-0.105434
saturn;8.43917;-5.08478;-0.266074
uranus;-15.4308;10.1834;0.231749
neptune;2.00403;29.9143;-0.661521
sun;0.0115542;-0.00733735;-0.000170335
jupiter;-4.74921;2.5431;0.0918682
saturn;8.13613;4.57517;-0.404394
uranus;-18.0957;3.25166;0.241962
neptune;-3.73748;29.8101;-0.527027
sun;0.0079916;-0.00121763;-0.000155974
jupiter;1.981;-4.79067;-0.0202005
saturn;-0.894912;9.01209;-0.103801
uranus;-17.9289;-4.18802;0.214316
neptune;-9.34323;28.6237;-0.373404
sun;0.0127642;-0.00850816;-0.000288256
jupiter;-0.481014;5.10999;-0.0142746
saturn;-8.86932;2.88469;0.318334
uranus;-14.9675;-10.9787;0.153247
neptune;-14.6119;26.4048;-0.206315
sun;0.0146787;0.00381463;-0.000413587
jupiter;-2.95118;-4.54108;0.086737
saturn;-7.26208;-6.63382;0.400833
uranus;-9.72379;-16.1039;0.0687846
neptune;-19.357;23.2398;-0.0318311
sun;0.00534355;-0.00183766;-0.000149422
jupiter;4.13935;2.71602;-0.103985
saturn;1.42184;-9.95733;0.09658
uranus;-3.04758;-18.8736;-0.0258018
neptune;-23.4132;19.2476;0.143784
sun;0.0122436;-0.000202333;-0.000257791
jupiter;-5.4519;-0.438717;0.121623
saturn;8.81422;-4.27925;-0.294649
uranus;4.06478;-19.0058;-0.116883
neptune;-26.6413;14.5747;0.314314
sun;0.00307308;-0.000788852;-3.91267e-05
jupiter;4.34206;-2.53937;-0.0827478
saturn;7.59012;5.35566;-0.394153
uranus;10.6444;-16.6046;-0.192513
neptune;-28.9327;9.38915;0.473795
sun;0.0130727;-0.00794833;-0.000272311
jupiter;-3.47418;3.99578;0.0565567
saturn;-1.85102;8.87567;-0.0616851
uranus;15.8714;-12.0812;-0.243649
neptune;-30.2121;3.87509;0.616705
sun;0.0116564;0.00290542;-0.000363098
jupiter;0.0600729;-5.28488;0.0243758
saturn;-9.15882;2.00433;0.344695
uranus;19.1414;-6.06277;-0.264736
neptune;-30.4394;-1.77405;0.738139
sun;0.00946803;-0.00408087;-0.000303016
jupiter;1.51995;4.80581;-0.0568574
saturn;-6.67479;-7.28362;0.3869
uranus;20.0941;0.691521;-0.253788
neptune;-29.6099;-7.36174;0.833952
sun;0.0125155;0.00434465;-0.000375856
jupiter;-4.37613;-3.27698;0.111738
saturn;2.24732;-9.81839;0.0602132
uranus;18.6235;7.36181;-0.212259
neptune;-27.7547;-12.6947;0.900879
sun;0.00173331;-0.0013303;-5.97178e-05
jupiter;4.87724;0.779198;-0.110646
saturn;9.12238;-3.51394;-0.319627
uranus;14.8817;13.1309;-0.144876
neptune;-24.9391;-17.5885;0.936634
sun;0.0120403;-0.00463957;-0.000254266
jupiter;-5.23721;1.43763;0.107657
saturn;7.04223;6.00554;-0.381848
uranus;9.27943;17.2506;-0.059436
neptune;-21.2603;-21.8738;0.939971
sun;0.00697731;-4.14849e-06;-0.000211806
jupiter;3.05657;-4.10481;-0.0469265
saturn;-2.7039;8.65177;-0.023035
uranus;2.47609;19.1202;0.0335792
neptune;-16.8444;-25.401;0.910723
sun;0.0135014;-0.00629246;-0.000381598
jupiter;-1.73299;4.90132;0.0138698
saturn;-9.34055;1.15869;0.365325
uranus;-4.65624;18.3812;0.121862
neptune;-11.843;-28.0456;0.849822
sun;0.0126757;0.00600635;-0.000430236
jupiter;-1.84686;-5.04224;0.0650633
saturn;-6.06133;-7.8376;0.37
uranus;-11.1133;15.0141;0.192577
neptune;-6.4284;-29.7121;0.759276
sun;0.00508861;-0.00159721;-0.00017846
jupiter;3.28897;3.7332;-0.0903848
saturn;3.04022;-9.5802;0.0231906
uranus;-15.9028;9.40838;0.234419
neptune;-0.788435;-30.3374;0.642118
sun;0.0112361;0.00181278;-0.000270183
jupiter;-5.23689;-1.61296;0.122514
saturn;9.34634;-2.65599;-0.342675
uranus;-18.237;2.35619;0.240065
neptune;4.87948;-29.8937;0.502325
sun;0.00219322;-0.000895015;-4.32986e-05
jupiter;4.80868;-1.31098;-0.0987879
saturn;6.35832;6.66939;-0.363924
uranus;-17.7183;-5.06376;0.208152
neptune;10.3745;-28.3904;0.34472
sun;0.0133764;-0.00544971;-0.000311791
jupiter;-4.34587;3.12825;0.0796203
saturn;-3.60884;8.33538;0.0198291
uranus;-14.4442;-11.7;0.143846
neptune;15.4995;-25.8741;0.174813
sun;0.00919608;0.0047121;-0.000324057
jupiter;1.28779;-5.05766;-0.00339985
saturn;-9.45984;0.252027;0.384914
uranus;-8.97577;-16.5681;0.057645
neptune;20.0677;-22.4284;-0.00137577
sun;0.00852186;-0.00262691;-0.000274814
jupiter;0.25355;5.0927;-0.0306936
saturn;-5.37593;-8.36831;0.350028
uranus;-2.19135;-19.0257;-0.0370742
neptune;23.9102;-18.1718;-0.177518
sun;0.00904786;0.00618768;-0.00028069
jupiter;-3.53792;-4.13387;0.0976487
saturn;3.82717;-9.301;-0.0137849
uranus;4.90642;-18.8383;-0.126719
neptune;26.8828;-13.2542;-0.347202
sun;-0.000624636;-0.00224514;2.68374e-05
jupiter;4.48728;2.05193;-0.108251
saturn;9.51409;-1.84701;-0.362405
uranus;11.3615;-16.1502;-0.199642
neptune;28.8715;-7.85163;-0.504178
sun;0.00969504;-0.00361517;-0.000185065
jupiter;-5.45894;0.25306;0.118163
saturn;5.70189;7.20276;-0.345143
uranus;16.3776;-11.4049;-0.247262
neptune;29.7981;-2.16046;-0.64261
sun;0.0034818;-0.0011338;-0.000113337
jupiter;3.94238;-3.16491;-0.0706725
saturn;-4.3899;7.95874;0.0579158
uranus;19.378;-5.25103;-0.264449
neptune;29.6241;3.61029;-0.757306
sun;0.0114976;-0.00649906;-0.000314012
jupiter;-2.88926;4.40034;0.0414111
saturn;-9.48334;-0.593147;0.398876
uranus;20.0326;1.53999;-0.249637
neptune;28.3527;9.24696;-0.843943
sun;0.00817937;0.00452724;-0.000291598
jupiter;-0.643168;-5.27839;0.0400813
saturn;-4.68943;-8.7997;0.328015
uranus;18.2671;8.14402;-0.204706
neptune;26.029;14.5401;-0.899246
sun;0.00315399;-0.00525623;-7.96818e-05
jupiter;2.2115;4.49677;-0.0706144
saturn;4.55878;-8.93717;-0.050281
uranus;14.2667;13.748;-0.134789
neptune;22.7387;19.2929;-0.921135
sun;0.00883871;-0.00102513;-0.000169639
jupiter;-4.75887;-2.71438;0.11746
saturn;9.58307;-0.97198;-0.379215
uranus;8.47497;17.6178;-0.0480207
neptune;18.6045;23.3297;-0.908822
sun;0.00145066;-0.00633652;2.26326e-05
jupiter;4.95265;0.00383797;-0.108234
saturn;4.9134;7.71845;-0.320471
uranus;1.58158;19.1788;0.044887
neptune;13.7815;26.5023;-0.86284
sun;0.0144159;-0.00831932;-0.000302675
jupiter;-4.98508;2.08311;0.0985558
saturn;-5.20265;7.47763;0.0995446
uranus;-5.51902;18.1101;0.131464
neptune;8.44966;28.6964;-0.784998
sun;0.00909524;0.000670548;-0.000276483
jupiter;2.446;-4.53954;-0.0310282
saturn;-9.43104;-1.49477;0.411162
uranus;-11.818;14.4408;0.199022
neptune;2.80728;29.8356;-0.678298
sun;0.0113334;-0.00603567;-0.000281037
jupiter;-1.02975;5.05542;-0.00261264
saturn;-3.92585;-9.20049;0.30274
uranus;-16.3403;8.6121;0.236693
neptune;-2.93768;29.8836;-0.546795
sun;0.0104901;0.00353306;-0.000254985
jupiter;-2.50996;-4.78437;0.0785168
saturn;5.28852;-8.52861;-0.086785
uranus;-18.3383;1.45826;0.237803
neptune;-8.57573;28.8451;-0.395413
sun;0.00347523;-0.00604259;-5.2806e-06
jupiter;3.79111;3.18382;-0.0985811
saturn;9.6096;-0.143552;-0.393109
uranus;-17.4722;-5.92322;0.201764
neptune;-13.9039;26.7644;-0.229746
sun;0.0138934;-0.00401977;-0.000250282
jupiter;-5.39612;-0.949924;0.122636
saturn;4.17522;8.12237;-0.295986
uranus;-13.8974;-12.391;0.134429
neptune;-18.733;23.723;-0.0558336
sun;0.00720868;-0.00227051;-0.00017579
jupiter;4.58275;-2.01758;-0.090127
saturn;-5.88655;6.97286;0.135724
uranus;-8.22032;-16.9945;0.0467251
neptune;-22.8943;19.8358;0.120069
sun;0.0161361;-0.00469669;-0.00041087
jupiter;-3.8778;3.64763;0.0665188
saturn;-9.30433;-2.3066;0.418373
uranus;-1.34281;-19.1382;-0.0478857
neptune;-26.2444;15.2457;0.291719
sun;0.00992326;0.00606623;-0.000323383
jupiter;0.606022;-5.21889;0.0126898
saturn;-3.1903;-9.49504;0.276505
uranus;5.7298;-18.6352;-0.136002
neptune;-28.6703;10.1187;0.4531
sun;0.00674561;-0.00392255;-0.000157586
jupiter;0.988265;4.96853;-0.04635
saturn;5.93862;-8.04412;-0.121749
uranus;12.0531;-15.6697;-0.206236
neptune;-30.092;4.63707;0.598611
sun;0.0103257;0.00189691;-0.000227407
jupiter;-4.03356;-3.67597;0.106376
saturn;9.52157;0.730569;-0.403309
uranus;16.8529;-10.7135;-0.250384
neptune;-30.4643;-1.00633;0.72325
sun;0.00355294;-0.00508313;-6.42174e-05
jupiter;4.75762;1.32879;-0.110486
saturn;3.31115;8.48315;-0.265746
uranus;19.5815;-4.43566;-0.263778
neptune;-29.778;-6.61494;0.822757
sun;0.0159398;-0.00411717;-0.00040722
jupiter;-5.36236;0.930374;0.112302
saturn;-6.58285;6.36323;0.174362
uranus;19.9391;2.38055;-0.245248
neptune;-28.0596;-11.9945;0.893747
sun;0.00818896;0.0030327;-0.000320941
jupiter;3.4573;-3.73575;-0.056945
saturn;-9.09741;-3.16474;0.423237
uranus;17.8833;8.90711;-0.197058
neptune;-25.3696;-16.9589;0.933797
sun;0.0117268;-0.00316396;-0.00035291
jupiter;-2.25742;4.7155;0.0256249
saturn;-2.38023;-9.75496;0.246854
uranus;13.6318;14.3357;-0.124714
neptune;-21.8014;-21.3364;0.941521
sun;0.00833454;0.00567272;-0.000268346
jupiter;-1.34905;-5.17813;0.0552087
saturn;6.58466;-7.51834;-0.1567
uranus;7.6603;17.9469;-0.0366901
neptune;-17.4774;-24.9746;0.916611
sun;0.0035935;-0.00569326;-6.56119e-05
jupiter;2.82641;4.10347;-0.0822103
saturn;9.39965;1.54941;-0.410831
uranus;0.687608;19.1923;0.0560412
neptune;-12.5462;-27.7455;0.859858
sun;0.0131261;-0.001666;-0.000308702
jupiter;-5.06308;-2.10599;0.120994
saturn;2.51532;8.73969;-0.236517
uranus;-6.37071;17.7908;0.140902
neptune;-7.17752;-29.5493;0.77313
sun;0.00634328;-0.00191208;-0.000218084
jupiter;4.91283;-0.729879;-0.103651
saturn;-7.15304;5.74947;0.207453
uranus;-12.4992;13.8212;0.205257
neptune;-1.55744;-30.3187;0.659328
sun;0.0158565;-0.00216254;-0.000457471
jupiter;-4.65886;2.69005;0.0880895
saturn;-8.83705;-3.92653;0.424021
uranus;-16.7407;7.77558;0.238655
neptune;4.11759;-30.021;0.522316
sun;0.00739504;0.00700292;-0.000291438
jupiter;1.81966;-4.85732;-0.0154203
saturn;-1.62064;-9.91855;0.217515
uranus;-18.391;0.530515;0.235127
neptune;9.64694;-28.6605;0.366808
sun;0.00660202;-0.0031768;-0.000161372
jupiter;-0.307303;5.11841;-0.0189962
saturn;7.13598;-6.9375;-0.188978
uranus;-17.17;-6.79747;0.194874
neptune;14.8325;-26.2788;0.198226
sun;0.00828199;0.00339772;-0.000188951
jupiter;-3.10083;-4.45201;0.0899621
saturn;9.15892;2.38883;-0.413989
uranus;-13.2948;-13.0792;0.124466
neptune;19.4861;-22.9545;0.0225277
sun;0.00298562;-0.0051959;-5.04948e-05
jupiter;4.22591;2.56297;-0.105018
saturn;1.60612;8.93186;-0.20168
uranus;-7.41746;-17.4017;0.0352776
neptune;23.4362;-18.8014;-0.153987
sun;0.0144397;-0.00153952;-0.000379746
jupiter;-5.4642;-0.276856;0.120457
saturn;-7.71685;5.03277;0.242189
uranus;-0.462628;-19.2195;-0.0591216
neptune;26.5347;-13.9653;-0.324907
sun;0.00497089;0.00324468;-0.000228525
jupiter;4.24808;-2.69281;-0.0792023
saturn;-8.48952;-4.72243;0.421901
uranus;6.56488;-18.3951;-0.145522
neptune;28.6632;-8.61884;-0.48395
sun;0.00970635;-0.00214894;-0.000276289
jupiter;-3.35821;4.0937;0.0525754
saturn;-0.787024;-10.037;0.184616
uranus;12.7379;-15.1533;-0.212913
neptune;29.7385;-2.95583;-0.625212
sun;0.00398847;0.00522327;-0.000129905
jupiter;-0.113114;-5.29091;0.029028
saturn;7.68181;-6.3096;-0.221286
uranus;17.3073;-9.99555;-0.253478
neptune;29.7165;2.81604;-0.743402
sun;0.00189711;-0.00764005;1.56404e-05
jupiter;1.66376;4.74357;-0.0601442
saturn;8.89138;3.17546;-0.414788
uranus;19.7538;-3.60817;-0.262974
neptune;28.5943;8.48334;-0.834068
sun;0.0101848;-0.00234206;-0.00021833
jupiter;-4.47213;-3.16085;0.113419
saturn;0.779043;9.03572;-0.168687
uranus;19.8098;3.21721;-0.24069
neptune;26.4113;13.8356;-0.893787
sun;0.00405453;-0.0051269;-0.000131625
jupiter;4.90278;0.607839;-0.110025
saturn;-8.15971;4.33581;0.271208
uranus;17.4653;9.65129;-0.189274
neptune;23.2477;18.6738;-0.920312
sun;0.0140811;-0.0037091;-0.00038224
jupiter;-5.19081;1.57953;0.105117
saturn;-8.10943;-5.41603;0.416527
uranus;12.9701;14.8922;-0.11461
neptune;19.2215;22.8187;-0.912665
sun;0.00453074;0.00282995;-0.000171883
jupiter;2.92594;-4.20571;-0.0425772
saturn;-0.0199543;-10.0729;0.152902
uranus;6.83191;18.2367;-0.0255129
neptune;14.4831;26.1178;-0.871182
sun;0.00708884;-0.0073284;-0.00011428
jupiter;-1.5866;4.94108;0.00962873
saturn;8.12754;-5.65039;-0.250322
uranus;-0.203018;19.1644;0.0668108
neptune;9.20964;28.4518;-0.797498
sun;0.00796796;-0.000573378;-0.000133791
jupiter;-1.9998;-4.99974;0.0688607
saturn;8.51251;3.95353;-0.411124
uranus;-7.2008;17.4343;0.149729
neptune;3.59732;29.7389;-0.694461
sun;0.00584047;-0.0100817;-6.92951e-05
jupiter;3.39918;3.61523;-0.0923084
saturn;-0.134312;9.05525;-0.130932
uranus;-13.1446;13.1757;0.210791
neptune;-2.14661;29.9372;-0.565998
sun;0.0170032;-0.00332437;-0.000406701
jupiter;-5.27967;-1.4776;0.122451
saturn;-8.57044;3.54196;0.300721
uranus;-17.0984;6.93275;0.239957
neptune;-7.81234;29.0453;-0.416927
sun;0.00747969;-0.000145705;-0.000236388
jupiter;4.76349;-1.47195;-0.0964083
saturn;-7.63077;-6.12842;0.407559
uranus;-18.4019;-0.38135;0.231976
neptune;-13.1954;27.1025;-0.252769
sun;0.0138668;-0.00305111;-0.000325536
jupiter;-4.26365;3.23384;0.076482
saturn;0.821406;-10.048;0.117503
uranus;-16.8355;-7.6376;0.187838
neptune;-18.1041;24.1854;-0.0795275
sun;0.00653346;0.00390697;-0.00014596
jupiter;1.1384;-5.10249;0.00103565
saturn;8.5637;-4.93465;-0.279228
uranus;-12.6744;-13.7224;0.114728
neptune;-22.3661;20.4045;0.0965536
sun;0.00728779;-0.00814797;-8.1178e-05
jupiter;0.39407;5.06996;-0.0342737
saturn;8.11028;4.68739;-0.405214
uranus;-6.61305;-17.7617;0.0243727
neptune;-25.8345;15.8994;0.269209
sun;0.0135616;-0.000347853;-0.000302187
jupiter;-3.64246;-4.05193;0.0999065
saturn;-0.964844;9.00974;-0.0953236
uranus;0.404969;-19.2582;-0.0696021
neptune;-28.3917;10.8334;0.432371
sun;0.00777496;-0.00403016;-0.000226865
jupiter;4.55347;1.90933;-0.108967
saturn;-8.87974;2.78853;0.325045
uranus;7.37662;-18.121;-0.154179
neptune;-29.9528;5.38723;0.580367
sun;0.0165886;0.000282222;-0.000466332
jupiter;-5.44364;0.388122;0.116512
saturn;-7.14684;-6.73576;0.396469
uranus;13.3917;-14.6131;-0.218711
neptune;-30.468;-0.247155;0.708099
sun;0.00500227;0.0047617;-0.000205316
jupiter;3.85233;-3.28134;-0.0672603
saturn;1.57435;-9.95262;0.0843039
uranus;17.7271;-9.26383;-0.255799
neptune;-29.9232;-5.87316;0.8112
sun;0.00905885;-0.00428501;-0.000197949
jupiter;-2.77042;4.46926;0.0375728
saturn;8.88723;-4.20684;-0.304206
uranus;19.8931;-2.77764;-0.261587
neptune;-28.3402;-11.2956;0.886157
sun;0.00741399;0.00223116;-0.000181577
jupiter;-0.788225;-5.26931;0.043955
saturn;7.59532;5.38937;-0.394704
uranus;19.6524;4.04485;-0.235774
neptune;-25.7754;-16.3268;0.930415
sun;0.00707462;-0.00806374;-0.000169475
jupiter;2.33299;4.42384;-0.0733467
saturn;-1.86377;8.86498;-0.0557467
uranus;17.027;10.375;-0.181412
neptune;-22.3177;-20.7927;0.942448
sun;0.015979;0.000591588;-0.000470304
jupiter;-4.82594;-2.59893;0.118205
saturn;-9.14163;1.94842;0.348786
uranus;12.2997;15.4193;-0.104695
neptune;-18.0864;-24.5382;0.921811
sun;0.00593381;0.000920324;-0.000265654
jupiter;4.94849;-0.14416;-0.107138
saturn;-6.56376;-7.34782;0.381284
uranus;6.00847;18.4923;-0.014728
neptune;-13.2267;-27.4314;0.869155
sun;0.0128475;-0.000543613;-0.000364111
jupiter;-4.93874;2.19625;0.0962358
saturn;2.3968;-9.78764;0.0473809
uranus;-1.07401;19.1026;0.0770581
neptune;-7.90609;-29.3689;0.786208
sun;0.00398845;0.00427008;-0.000136719
jupiter;2.31838;-4.60869;-0.0269994
saturn;9.1966;-3.42107;-0.328887
uranus;-7.99763;17.0498;0.157961
neptune;-2.3086;-30.2788;0.675745
sun;0.00763727;-0.00748697;-0.000137006
jupiter;-0.907945;5.06991;-0.00617382
saturn;7.06322;6.04481;-0.382066
uranus;-13.7459;12.5117;0.215702
neptune;3.37021;-30.124;0.541513
sun;0.0119336;0.00133928;-0.000317596
jupiter;-2.62531;-4.73123;0.0813013
saturn;-2.67218;8.66715;-0.0187069
uranus;-17.4059;6.08189;0.240686
neptune;8.9299;-28.9038;0.388124
sun;0.00739487;-0.00376204;-0.000245605
jupiter;3.87742;3.07583;-0.100249
saturn;-9.31194;1.15773;0.367833
uranus;-18.3639;-1.28849;0.228305
neptune;14.1718;-26.6549;0.220918
sun;0.0149913;0.00269033;-0.000445894
jupiter;-5.41595;-0.826262;0.122018
saturn;-5.99007;-7.86212;0.364982
uranus;-16.4577;-8.45881;0.180361
neptune;18.9061;-23.4511;0.0457933
sun;0.00249416;0.00448417;-0.000132977
jupiter;4.5234;-2.14312;-0.0874942
saturn;3.12061;-9.57104;0.0135595
uranus;-12.0198;-14.3345;0.104702
neptune;22.9587;-19.4018;-0.130984
sun;0.00820583;-0.00318576;-0.000160589
jupiter;-3.79531;3.73237;0.0634607
saturn;9.39224;-2.64933;-0.349063
uranus;-5.78676;-18.0821;0.0133572
neptune;26.178;-14.6485;-0.303009
sun;0.0045585;0.0025078;-9.90815e-05
jupiter;0.466015;-5.24479;0.0167534
saturn;6.43127;6.64294;-0.364952
uranus;1.28007;-19.2542;-0.08002
neptune;28.4415;-9.36045;-0.463974
sun;0.00643001;-0.00805077;-0.000135406
jupiter;1.10553;4.92919;-0.0493482
saturn;-3.52467;8.3612;0.0214243
uranus;8.18125;-17.8065;-0.162621
neptune;29.6612;-3.72897;-0.60791
sun;0.0128474;0.0019279;-0.000380859
jupiter;-4.12434;-3.58922;0.108105
saturn;-9.42058;0.291669;0.385431
uranus;14.0251;-14.0404;-0.224159
neptune;29.7873;2.03977;-0.729434
sun;0.00303914;-0.000696164;-0.000154171
jupiter;4.78503;1.19125;-0.110337
saturn;-5.31653;-8.36554;0.344198
uranus;18.1155;-8.51135;-0.257665
neptune;28.8114;7.73282;-0.82397
sun;0.0101018;-0.000854955;-0.000256904
jupiter;-5.34902;1.03677;0.111014
saturn;3.90576;-9.27194;-0.023873
uranus;19.994;-1.93983;-0.259716
neptune;26.7673;13.1389;-0.887952
sun;0.000355488;0.00111234;-1.20055e-06
jupiter;3.35338;-3.83333;-0.053242
saturn;9.56297;-1.81405;-0.368609
uranus;19.4558;4.86635;-0.230394
neptune;23.7296;18.057;-0.918971
sun;0.00702479;-0.0101496;-8.26479e-05
jupiter;-2.1547;4.75046;0.0223925
saturn;5.77918;7.19705;-0.345614
uranus;16.5547;11.0789;-0.173157
neptune;19.8115;22.3047;-0.915881
sun;0.00970302;-0.00130752;-0.000238125
jupiter;-1.46775;-5.16052;0.0585137
saturn;-4.28893;8.01364;0.0589177
uranus;11.6047;15.9152;-0.0945776
neptune;15.1593;25.7254;-0.878837
sun;0.00752912;-0.00788472;-0.000206221
jupiter;2.92975;4.02144;-0.0845662
saturn;-9.45015;-0.517422;0.398812
uranus;5.17421;18.7102;-0.00401761
neptune;9.94694;28.195;-0.809292
sun;0.0144327;0.000141861;-0.000390271
jupiter;-5.10693;-2.00237;0.121351
saturn;-4.66582;-8.77816;0.323092
uranus;-1.93912;19.0035;0.0869174
neptune;4.36838;29.6262;-0.70993
sun;0.00283535;-0.000812631;-7.8145e-05
jupiter;4.89037;-0.865076;-0.101891
saturn;4.5893;-8.93852;-0.057717
uranus;-8.77153;16.6369;0.165528
neptune;-1.37024;29.9716;-0.584541
sun;0.010992;-0.00631088;-0.000174034
jupiter;-4.60123;2.78011;0.0857304
saturn;9.62918;-1.01259;-0.383639
uranus;-14.3114;11.8371;0.219786
neptune;-7.05893;29.2244;-0.43784
sun;0.00671391;-0.00106367;-0.000107993
jupiter;1.69701;-4.91829;-0.0114568
saturn;5.05106;7.67649;-0.322534
uranus;-17.6729;5.24351;0.240609
neptune;-12.4919;27.4184;-0.275277
sun;0.0116891;-0.0101353;-0.000226021
jupiter;-0.188409;5.10644;-0.0223063
saturn;-5.0625;7.56203;0.0979958
uranus;-18.2906;-2.16182;0.224076
neptune;-17.4751;24.6253;-0.102805
sun;0.0159336;0.00198839;-0.000431397
jupiter;-3.20185;-4.39301;0.0923385
saturn;-9.4002;-1.37745;0.409607
uranus;-16.0613;-9.2324;0.172655
neptune;-21.8333;20.9514;0.0733445
sun;0.00719185;-0.00183886;-0.000215371
jupiter;4.29006;2.44147;-0.106028
saturn;-3.91485;-9.15484;0.297086
uranus;-11.3696;-14.8938;0.0947994
neptune;-25.4155;16.5327;0.24689
sun;0.0137304;0.000881543;-0.000323443
jupiter;-5.47065;-0.174508;0.11985
saturn;5.3212;-8.504;-0.0949223
uranus;-4.98562;-18.3531;0.00284613
neptune;-28.1;11.53;0.411715
sun;0.00305678;0.00132343;-5.34188e-05
jupiter;4.17773;-2.80963;-0.0762568
saturn;9.65434;-0.143572;-0.397458
uranus;2.11525;-19.2108;-0.0896421
neptune;-29.7972;6.12212;0.562076
sun;0.0114313;-0.00747055;-0.000205326
jupiter;-3.2665;4.15217;0.0494148
saturn;4.29901;8.11277;-0.297077
uranus;8.93849;-17.4663;-0.170111
neptune;-30.4525;0.500004;0.692784
sun;0.0111358;0.00196375;-0.000315465
jupiter;-0.227308;-5.29892;0.0324496
saturn;-5.75668;7.08061;0.134567
uranus;14.6099;-13.4555;-0.228617
neptune;-30.0471;-5.1397;0.799363
sun;0.00998336;-0.00489931;-0.000307493
jupiter;1.78391;4.69575;-0.0633386
saturn;-9.29141;-2.17892;0.41697
uranus;18.4583;-7.7589;-0.258591
neptune;-28.598;-10.601;0.87818
sun;0.0140816;0.00456411;-0.000438267
jupiter;-4.53527;-3.06685;0.114448
saturn;-3.20565;-9.45293;0.27168
uranus;20.0543;-1.11251;-0.257024
neptune;-26.1572;-15.6949;0.926547
sun;0.00230557;0.000719287;-0.000112578
jupiter;4.91709;0.477371;-0.109401
saturn;5.94062;-8.05678;-0.127855
uranus;19.2246;5.66879;-0.224388
neptune;-22.8098;-20.2452;0.942804
sun;0.0108103;-0.00299375;-0.000237748
jupiter;-5.15705;1.68335;0.103291
saturn;9.57555;0.666856;-0.40655
uranus;16.056;11.7578;-0.164484
neptune;-18.6713;-24.0935;0.926366
sun;0.00491443;0.000436932;-0.000142443
jupiter;2.81942;-4.29039;-0.0389464
saturn;3.48473;8.45408;-0.268374
uranus;10.8947;16.3812;-0.0842377
neptune;-13.8842;-27.105;0.877745
sun;0.0118642;-0.00784122;-0.000311099
jupiter;-1.47289;4.96305;0.00605588
saturn;-6.43813;6.49452;0.171656
uranus;4.33823;18.8946;0.00669787
neptune;-8.61312;-29.1722;0.798537
sun;0.0132634;0.00440743;-0.000443615
jupiter;-2.11706;-4.96082;0.0718452
saturn;-9.09595;-3.01437;0.421036
uranus;-2.79232;18.871;0.096602
neptune;-3.04063;-30.2191;0.691393
sun;0.00599898;-0.00166166;-0.000230124
jupiter;3.48872;3.51865;-0.094351
saturn;-2.40349;-9.69884;0.241376
uranus;-9.521;16.1955;0.172785
neptune;2.63882;-30.204;0.559944
sun;0.0117763;0.00254606;-0.000315944
jupiter;-5.31443;-1.37447;0.122647
saturn;6.59462;-7.49868;-0.163645
uranus;-14.8426;11.1436;0.223462
neptune;8.22506;-29.1213;0.408699
sun;0.00124307;0.000364707;-2.96173e-05
jupiter;4.71882;-1.60337;-0.0941626
saturn;9.44325;1.54422;-0.413757
uranus;-17.9006;4.39968;0.240067
neptune;13.5189;-27.0031;0.242913
sun;0.0114591;-0.00622612;-0.000230472
jupiter;-4.19305;3.31533;0.0736694
saturn;2.64767;8.74919;-0.237109
uranus;-18.1781;-3.02541;0.219378
neptune;18.3291;-23.9186;0.0684293
sun;0.00892658;0.0027645;-0.000279909
jupiter;1.01954;-5.13863;0.00476092
saturn;-7.03956;5.88664;0.20621
uranus;-15.6296;-9.98231;0.164571
neptune;22.479;-19.9725;-0.10852
sun;0.00953473;-0.00420312;-0.000288503
jupiter;0.518813;5.05279;-0.0379144
saturn;-8.84941;-3.78923;0.42219
uranus;-10.6927;-15.4208;0.0845846
neptune;25.814;-15.3025;-0.281538
sun;0.0111289;0.00602435;-0.00034958
jupiter;-3.73404;-3.97357;0.101914
saturn;-1.64951;-9.87619;0.212296
uranus;-4.17178;-18.5883;-0.00794503
neptune;28.2076;-10.0745;-0.444289
sun;0.000280905;-0.00057132;-2.00552e-05
jupiter;4.59796;1.78038;-0.109233
saturn;7.13671;-6.94762;-0.194807
uranus;2.94729;-19.1317;-0.0994178
neptune;29.567;-4.47728;-0.59075
sun;0.00896095;-0.00238657;-0.000161476
jupiter;-5.4395;0.497279;0.115551
saturn;9.22091;2.33788;-0.416446
uranus;9.6779;-17.0949;-0.177607
neptune;29.8373;1.28465;-0.71545
sun;0.00210654;-0.00103216;-4.35298e-05
jupiter;3.76143;-3.39907;-0.0638215
saturn;1.77999;8.93497;-0.203791
uranus;15.1653;-12.8483;-0.232948
neptune;29.0044;6.99891;-0.8137
sun;0.0108656;-0.00805386;-0.000259187
jupiter;-2.66547;4.51558;0.0340851
saturn;-7.59984;5.18637;0.239862
uranus;18.7641;-6.99587;-0.259269
neptune;27.0968;12.4536;-0.881796
sun;0.0095542;0.00352387;-0.000321953
jupiter;-0.921904;-5.263;0.0477385
saturn;-8.51106;-4.57726;0.419376
uranus;20.0743;-0.287863;-0.253977
neptune;24.1837;17.4459;-0.917171
sun;0.00438129;-0.004623;-0.000136227
jupiter;2.44763;4.34615;-0.0761945
saturn;-0.812428;-9.98532;0.178374
uranus;18.9537;6.45493;-0.217954
neptune;20.3734;21.7906;-0.91851
sun;0.00933815;0.000416447;-0.000211161
jupiter;-4.88766;-2.50467;0.119383
saturn;7.69399;-6.27913;-0.22815
uranus;15.521;12.4077;-0.155376
neptune;15.8082;25.3274;-0.885804
sun;0.000102791;-0.00472562;5.06022e-05
jupiter;4.93866;-0.296214;-0.105669
saturn;8.92821;3.19095;-0.41645
uranus;10.1546;16.8085;-0.0734919
neptune;10.6587;27.9276;-0.820342
sun;0.0123582;-0.00905661;-0.000219976
jupiter;-4.88506;2.29402;0.0938844
saturn;0.886336;9.06649;-0.167632
uranus;3.48289;19.0344;0.0177288
neptune;5.11681;29.4987;-0.724645
sun;0.00875978;-0.0010903;-0.000243883
jupiter;2.20489;-4.68237;-0.0231061
saturn;-8.08354;4.46491;0.271138
uranus;-3.65034;18.6915;0.106376
neptune;-0.612685;29.9876;-0.602353
sun;0.0121981;-0.00745708;-0.00030768
jupiter;-0.772745;5.08066;-0.0102462
saturn;-8.12817;-5.30659;0.414121
uranus;-10.2594;15.7103;0.179865
neptune;-6.31983;29.3824;-0.458073
sun;0.012263;0.00352675;-0.000331568
jupiter;-2.73771;-4.67508;0.0841697
saturn;-0.0283597;-10.0355;0.146205
uranus;-15.3487;10.4171;0.226734
neptune;-11.7977;27.7114;-0.297177
sun;0.00390827;-0.00457669;-4.83189e-05
jupiter;3.96359;2.95242;-0.101671
saturn;8.14492;-5.63327;-0.256703
uranus;-18.0952;3.54057;0.238995
neptune;-16.8504;25.0417;-0.125569
sun;0.0129875;-0.0033089;-0.000225121
jupiter;-5.43404;-0.712292;0.121763
saturn;8.56477;3.94793;-0.412425
uranus;-18.0339;-3.88363;0.214169
neptune;-21.2997;21.475;0.0505363
sun;0.00605246;-0.00274996;-0.000114945
jupiter;4.46446;-2.29196;-0.0847261
saturn;-0.00682837;9.09129;-0.130731
uranus;-15.1772;-10.7087;0.156137
neptune;-24.991;17.1441;0.224845
sun;0.0161892;-0.00654566;-0.000381191
jupiter;-3.69302;3.80844;0.0598799
saturn;-8.50306;3.6788;0.300142
uranus;-10.011;-15.9125;0.0743136
neptune;-27.7984;12.2066;0.3912
sun;0.0119135;0.00529689;-0.000377641
jupiter;0.326458;-5.27097;0.0209484
saturn;-7.65622;-6.01611;0.404429
uranus;-3.36878;-18.7862;-0.0185308
neptune;-29.6277;6.83961;0.543796
sun;0.00833758;-0.00296198;-0.000225414
jupiter;1.25049;4.88308;-0.0532554
saturn;0.820684;-9.99321;0.109509
uranus;3.75525;-19.0228;-0.10887
neptune;-30.4198;1.23295;0.677357
sun;0.0110288;0.00376315;-0.000270438
jupiter;-4.21015;-3.49867;0.110026
saturn;8.58348;-4.85986;-0.286554
uranus;10.3834;-16.7051;-0.184677
neptune;-30.1511;-4.41684;0.787298
sun;0.00224235;-0.00322446;-2.83846e-05
jupiter;4.82074;1.03329;-0.110134
saturn;8.11014;4.75398;-0.404867
uranus;15.6818;-12.2343;-0.236817
neptune;-28.8339;-9.9132;0.869866
sun;0.014237;-0.00457219;-0.000329045
jupiter;-5.31435;1.16112;0.109003
saturn;-0.926305;9.05373;-0.0910253
uranus;19.0309;-6.23697;-0.259522
neptune;-26.5161;-15.0657;0.922245
sun;0.00811187;0.00200596;-0.000298512
jupiter;3.25225;-3.9377;-0.049583
saturn;-8.85196;2.87476;0.326774
uranus;20.0588;0.523182;-0.250582
neptune;-23.2786;-19.6959;0.942641
sun;0.0125078;-0.00369928;-0.000382863
jupiter;-2.01501;4.80322;0.0178636
saturn;-7.15146;-6.67297;0.392784
uranus;18.6532;7.21934;-0.211268
neptune;-19.2334;-23.6429;0.930332
sun;0.00952988;0.00661074;-0.00033484
jupiter;-1.60461;-5.12283;0.0621272
saturn;1.60848;-9.90975;0.0750705
uranus;14.9644;13.0288;-0.146129
neptune;-14.5196;-26.7684;0.88569
sun;0.00296693;-0.00374458;-8.14841e-05
jupiter;3.05308;3.92157;-0.0872448
saturn;8.91831;-4.13614;-0.311405
uranus;9.40256;17.201;-0.0627454
neptune;-9.29977;-28.9613;0.810179
sun;0.011193;-0.000967853;-0.000256271
jupiter;-5.15851;-1.87848;0.121919
saturn;7.60498;5.43911;-0.393824
uranus;2.6258;19.1357;0.0286754
neptune;-3.75452;-30.1414;0.70633
sun;0.00433506;-0.0027287;-0.000139346
jupiter;4.86428;-1.0352;-0.0999996
saturn;-1.81542;8.90487;-0.0518209
uranus;-4.49818;18.474;0.116053
neptune;1.92273;-30.2625;0.577658
sun;0.0153746;-0.00441655;-0.000423817
jupiter;-4.51731;2.8921;0.0823629
saturn;-9.12009;2.02314;0.350238
uranus;-10.9747;15.1909;0.186809
neptune;7.53218;-29.3145;0.428574
sun;0.00879005;0.00590171;-0.000339642
jupiter;1.54699;-4.98057;-0.00682782
saturn;-6.56369;-7.29043;0.376717
uranus;-15.8204;9.66293;0.229839
neptune;12.8741;-27.3249;0.264255
sun;0.00757451;-0.00287499;-0.000214701
jupiter;-0.0288837;5.09993;-0.0269163
saturn;2.44221;-9.72249;0.0368846
uranus;-18.247;2.66344;0.237724
neptune;17.7556;-24.3582;0.0904836
sun;0.0085484;0.00439889;-0.000214321
jupiter;-3.32489;-4.31412;0.0953278
saturn;9.21735;-3.28572;-0.336384
uranus;-17.8429;-4.74767;0.208718
neptune;21.9981;-20.5149;-0.086547
sun;0.00152427;-0.00454601;2.46298e-06
jupiter;4.36671;2.28419;-0.106982
saturn;6.9949;6.15964;-0.378306
uranus;-14.6796;-11.4276;0.147422
neptune;25.4439;-15.9286;-0.260448
sun;0.0133317;-0.00310737;-0.000306247
jupiter;-5.4711;-0.0311414;0.118677
saturn;-2.7271;8.68605;-0.00971615
uranus;-9.29175;-16.3839;0.0637537
neptune;27.9626;-10.762;-0.424862
sun;0.00571387;0.00166035;-0.000220638
jupiter;4.09133;-2.95281;-0.0727952
saturn;-9.31727;1.15717;0.371343
uranus;-2.54049;-18.9532;-0.029332
neptune;29.457;-5.20133;-0.57371
sun;0.01132;-0.00293193;-0.000319078
jupiter;-3.13674;4.24174;0.044962
saturn;-5.94729;-7.8557;0.359021
uranus;4.57439;-18.8769;-0.118446
neptune;29.8671;0.550642;-0.701442
sun;0.0058301;0.00623855;-0.000200765
jupiter;-0.390201;-5.29746;0.0370298
saturn;3.21323;-9.50385;0.00122263
uranus;11.0863;-16.2799;-0.191841
neptune;29.174;6.28211;-0.803261
sun;0.00170026;-0.00572068;6.64991e-06
jupiter;1.93851;4.62066;-0.0669616
saturn;9.423;-2.50238;-0.356538
uranus;16.1821;-11.5934;-0.240704
neptune;27.4003;11.7807;-0.875328
sun;0.00885102;-0.00166492;-0.000164252
jupiter;-4.62537;-2.94973;0.116189
saturn;6.36319;6.7461;-0.36038
uranus;19.2707;-5.46354;-0.259729
neptune;24.6103;16.842;-0.914927
sun;0.00272197;-0.00574222;-6.16167e-05
jupiter;4.93469;0.284522;-0.108488
saturn;-3.57212;8.36889;0.0300737
uranus;20.0105;1.33413;-0.247113
neptune;20.9073;21.2783;-0.920579
sun;0.0142773;-0.00537251;-0.000366896
jupiter;-5.09732;1.82038;0.100522
saturn;-9.42171;0.275756;0.388226
uranus;18.3198;7.96878;-0.204501
neptune;16.4297;24.9257;-0.892114
sun;0.0061016;0.00265069;-0.000229863
jupiter;2.6739;-4.40261;-0.0340602
saturn;-5.26014;-8.35965;0.336962
uranus;14.3797;13.6214;-0.136815
neptune;11.3447;27.6512;-0.830661
sun;0.00778243;-0.00634876;-0.000164754
jupiter;-1.30227;4.99492;0.00101533
saturn;4.00942;-9.17411;-0.0374724
uranus;8.63172;17.554;-0.0519822
neptune;5.84176;29.3574;-0.738589
sun;0.00771083;0.000839581;-0.000149662
jupiter;-2.2697;-4.90975;0.0758823
saturn;9.57015;-1.60212;-0.375754
uranus;1.76227;19.1902;0.0395185
neptune;0.124676;29.9861;-0.619404
sun;0.00382504;-0.00955754;-6.95656e-06
jupiter;3.61598;3.37106;-0.096641
saturn;5.621;7.34418;-0.337416
uranus;-5.33923;18.207;0.125482
neptune;-5.59681;29.5199;-0.477592
sun;0.0158176;-0.00511557;-0.000344423
jupiter;-5.34826;-1.22223;0.122387
saturn;-4.42824;7.971;0.0724545
uranus;-11.6697;14.6271;0.193387
neptune;-11.115;27.982;-0.318434
sun;0.00815254;-0.00174164;-0.000245154
jupiter;4.66951;-1.78324;-0.0914358
saturn;-9.45055;-0.619765;0.402624
uranus;-16.2591;8.87691;0.232458
neptune;-16.2323;25.4344;-0.14778
sun;0.0154239;-0.00389963;-0.000382416
jupiter;-4.07444;3.44143;0.0693616
saturn;-4.54461;-8.81196;0.313488
uranus;-18.3578;1.77149;0.23595
neptune;-20.7676;21.9749;0.0281749
sun;0.00823134;0.00487579;-0.000222566
jupiter;0.848449;-5.18039;0.0098501
saturn;4.74288;-8.82111;-0.0733676
uranus;-17.6109;-5.60804;0.202864
neptune;-24.5632;17.7325;0.203126
sun;0.00696843;-0.00662334;-8.76924e-05
jupiter;0.705272;5.01683;-0.0425983
saturn;9.6371;-0.781437;-0.390374
uranus;-14.1494;-12.1269;0.138486
neptune;-27.4889;12.862;0.370884
sun;0.0125384;-0.000116562;-0.000254544
jupiter;-3.85566;-3.86832;0.104581
saturn;4.88448;7.80974;-0.313133
uranus;-8.55399;-16.8259;0.0531861
neptune;-29.4464;7.53835;0.525582
sun;0.00702561;-0.00484951;-0.000174078
jupiter;4.67358;1.58582;-0.109859
saturn;-5.19644;7.50197;0.11125
uranus;-1.71;-19.0881;-0.0399395
neptune;-30.3719;1.95036;0.661861
sun;0.0175335;-0.00112053;-0.000475301
jupiter;-5.40718;0.661417;0.113342
saturn;-9.39187;-1.49406;0.412458
uranus;5.38041;-18.7022;-0.127653
neptune;-30.2372;-3.70584;0.775037
sun;0.00695267;0.00525978;-0.000275687
jupiter;3.63971;-3.55269;-0.0593553
saturn;-3.78457;-9.17992;0.286291
uranus;11.7647;-15.8325;-0.198537
neptune;-29.05;-9.23322;0.861241
sun;0.00983732;-0.00270572;-0.000247035
jupiter;-2.49421;4.59865;0.0286889
saturn;5.46876;-8.35001;-0.111152
uranus;16.6531;-10.9396;-0.244156
neptune;-26.8537;-14.4401;0.917532
sun;0.00703424;0.00422939;-0.000186973
jupiter;-1.09762;-5.24041;0.0524849
saturn;9.61386;0.145134;-0.402769
uranus;19.4804;-4.6888;-0.259569
neptune;-23.7256;-19.1461;0.941984
sun;0.00485907;-0.0072274;-9.49756e-05
jupiter;2.61928;4.23449;-0.0799445
saturn;4.02743;8.2619;-0.283265
uranus;19.9342;2.13511;-0.243408
neptune;-19.7737;-23.1876;0.933734
sun;0.0148026;-0.000688993;-0.00041033
jupiter;-4.96279;-2.34446;0.12008
saturn;-5.9669;6.94398;0.15213
uranus;17.9639;8.69856;-0.197679
neptune;-15.1342;-26.4231;0.893021
sun;0.00621111;8.82252e-05;-0.000272111
jupiter;4.93367;-0.492465;-0.104104
saturn;-9.25873;-2.38101;0.419625
uranus;13.7816;14.187;-0.127643
neptune;-9.96726;-28.7379;0.821182
sun;0.0136864;-0.000788243;-0.000409827
jupiter;-4.79629;2.45986;0.0900583
saturn;-3.00016;-9.50269;0.257855
uranus;7.8595;17.876;-0.0415485
neptune;-4.45157;-30.0477;0.72062
sun;0.00456744;0.0055996;-0.000188897
jupiter;2.03092;-4.76601;-0.0177781
saturn;6.13478;-7.87247;-0.146068
uranus;0.911693;19.2136;0.0498815
neptune;1.22061;-30.3019;0.594734
sun;0.0061058;-0.00633043;-0.000111377
jupiter;-0.577729;5.09656;-0.0155562
saturn;9.53062;0.970487;-0.411075
uranus;-6.15282;17.9131;0.134337
neptune;6.84986;-29.486;0.447837
sun;0.0101191;0.000817257;-0.000249645
jupiter;-2.8979;-4.59066;0.0878962
saturn;3.21368;8.57686;-0.253534
uranus;-12.326;14.0437;0.199396
neptune;12.2359;-27.6228;0.285029
sun;0.00619664;-0.0054628;-0.000185591
jupiter;4.08683;2.7758;-0.103721
saturn;-6.62415;6.33843;0.188164
uranus;-16.6536;8.08268;0.234613
neptune;17.1847;-24.7725;0.112032
sun;0.0158452;0.000550433;-0.000457548
jupiter;-5.44725;-0.532547;0.120617
saturn;-9.04208;-3.22107;0.422224
uranus;-18.4236;0.885441;0.233825
neptune;21.5154;-21.0312;-0.0649985
sun;0.00428081;0.00436238;-0.000198667
jupiter;4.37237;-2.48333;-0.0808348
saturn;-2.19249;-9.73074;0.226612
uranus;-17.3366;-6.44964;0.196821
neptune;25.0675;-16.5289;-0.239679
sun;0.00897962;-0.00245173;-0.00020005
jupiter;-3.54576;3.9352;0.0548427
saturn;6.7673;-7.28234;-0.181497
uranus;-13.5827;-12.797;0.129524
neptune;27.707;-11.4249;-0.405635
sun;0.00439791;0.00364859;-9.43789e-05
jupiter;0.130682;-5.29273;0.0264702
saturn;9.33742;1.88073;-0.415885
uranus;-7.78837;-17.2313;0.0427308
neptune;29.3321;-5.90282;-0.556741
sun;0.00482766;-0.00820443;-5.96285e-05
jupiter;1.4472;4.81295;-0.0579129
saturn;2.28117;8.85468;-0.217866
uranus;-0.862583;-19.1827;-0.0503359
neptune;29.8784;-0.163744;-0.687372
sun;0.0127975;0.000185734;-0.000339583
jupiter;-4.332;-3.35351;0.112057
saturn;-7.27235;5.6394;0.225862
uranus;6.19075;-18.4873;-0.13657
neptune;29.3217;5.58121;-0.792626
sun;0.00425121;-0.00145332;-0.000177001
jupiter;4.86411;0.82816;-0.109731
saturn;-8.74868;-4.07033;0.421997
uranus;12.4341;-15.3494;-0.204871
neptune;27.6794;11.1193;-0.868535
sun;0.011746;-0.000763678;-0.000313973
jupiter;-5.26693;1.34616;0.106223
saturn;-1.36168;-9.91372;0.194218
uranus;17.1027;-10.2584;-0.247212
neptune;25.0109;16.2449;-0.912238
sun;0.00134882;0.00297903;-5.25359e-05
jupiter;3.09305;-4.07281;-0.0442514
saturn;7.34363;-6.69366;-0.214129
uranus;19.6612;-3.89784;-0.25905
neptune;21.4147;20.7678;-0.922102
sun;0.0057612;-0.00872479;-5.07366e-05
jupiter;-1.82601;4.86288;0.0125007
saturn;9.10368;2.68183;-0.417344
uranus;19.8271;2.93746;-0.239393
neptune;17.0249;24.5208;-0.897794
sun;0.00827973;-0.00146929;-0.000174469
jupiter;-1.79022;-5.07966;0.0668408
saturn;1.42218;9.00665;-0.18383
uranus;17.58;9.4139;-0.190664
neptune;12.0058;27.3667;-0.840285
sun;0.00660371;-0.00908243;-0.000158099
jupiter;3.22154;3.77348;-0.0905791
saturn;-7.79471;4.92717;0.257681
uranus;13.1635;14.7247;-0.118448
neptune;6.54413;29.2034;-0.751795
sun;0.0153861;-0.00124871;-0.000416514
jupiter;-5.21334;-1.70379;0.121984
saturn;-8.38761;-4.84418;0.417453
uranus;7.07943;18.161;-0.0312801
neptune;0.842436;29.968;-0.635703
sun;0.00415894;-0.000232489;-0.000144808
jupiter;4.82335;-1.25523;-0.0971725
saturn;-0.532488;-9.9956;0.159953
uranus;0.0680164;19.197;0.059883
neptune;-4.88977;29.6377;-0.496388
sun;0.0111559;-0.0053421;-0.000207626
jupiter;-4.39921;3.05006;0.0779678
saturn;7.86576;-6.0014;-0.246236
uranus;-6.94416;17.5835;0.142636
neptune;-10.4442;28.2306;-0.339031
sun;0.00593651;-2.80743e-05;-9.54734e-05
jupiter;1.35639;-5.05315;-0.00108532
saturn;8.74997;3.54421;-0.414554
uranus;-12.9467;13.4358;0.204693
neptune;-15.6214;25.8041;-0.169422
sun;0.00984013;-0.0108488;-0.000153352
jupiter;0.18441;5.07881;-0.0323045
saturn;0.461227;9.10014;-0.144277
uranus;-17.004;7.27924;0.236008
neptune;-20.2381;22.4515;0.00627117
sun;0.016102;-3.88407e-05;-0.000411158
jupiter;-3.47844;-4.19683;0.0983804
saturn;-8.28704;4.12532;0.290187
uranus;-18.4465;0.00739391;0.231029
neptune;-24.1332;18.2983;0.181743
sun;0.00851249;-0.00269468;-0.000255077
jupiter;4.46655;2.09383;-0.108128
saturn;-7.94262;-5.61812;0.409687
uranus;-17.0302;-7.26574;0.190274
neptune;-27.1728;13.4962;0.350776
sun;0.0155619;0.000949965;-0.000393405
jupiter;-5.46266;0.163493;0.11688
saturn;0.320194;-10.0275;0.12452
uranus;-12.9999;-13.4291;0.120364
neptune;-29.2546;8.21823;0.507446
sun;0.00405692;0.00321124;-0.000105589
jupiter;3.97118;-3.12487;-0.068246
saturn;8.33409;-5.31568;-0.275546
uranus;-7.02428;-17.5942;0.0324161
neptune;-30.3101;2.65183;0.646316
sun;0.010362;-0.00630712;-0.000172404
jupiter;-2.96462;4.34734;0.0396937
saturn;8.37488;4.29398;-0.409119
uranus;-0.0324766;-19.2382;-0.0603078
neptune;-30.3066;-3.00737;0.762605
sun;0.0102376;0.00177073;-0.000261881
jupiter;-0.582662;-5.29466;0.0421317
saturn;-0.405584;9.08931;-0.107533
uranus;6.97247;-18.2424;-0.144874
neptune;-29.2474;-8.56199;0.852334
sun;0.00962578;-0.00583944;-0.00027485
jupiter;2.1394;4.52462;-0.0715491
saturn;-8.66175;3.34361;0.316689
uranus;13.0685;-14.8476;-0.2105
neptune;-27.1717;-13.8192;0.912438
sun;0.0154803;0.00391213;-0.000478299
jupiter;-4.7182;-2.78512;0.117271
saturn;-7.46054;-6.29865;0.398564
uranus;17.5151;-9.57032;-0.249552
neptune;-24.1524;-18.5967;0.940861
sun;0.00349187;0.00216784;-0.000174781
jupiter;4.95073;0.0659859;-0.107199
saturn;1.13671;-9.96138;0.0886043
uranus;19.8054;-3.11075;-0.257891
neptune;-20.2941;-22.7285;0.936603
sun;0.0106151;-0.00135938;-0.000256878
jupiter;-5.02104;2.00564;0.0969753
saturn;8.71935;-4.54386;-0.303
uranus;19.6874;3.72796;-0.234888
neptune;-15.7299;-26.0701;0.899774
sun;0.00352391;0.00196249;-0.000108379
jupiter;2.50146;-4.51437;-0.0286235
saturn;7.86328;5.07549;-0.398552
uranus;17.1714;10.1105;-0.18332
neptune;-10.6174;-28.503;0.831578
sun;0.00951968;-0.00842186;-0.000224725
jupiter;-1.09857;5.03092;-0.00463041
saturn;-1.3655;8.99559;-0.0655116
uranus;12.5308;15.2376;-0.109153
neptune;-5.13333;-29.9392;0.734293
sun;0.0129729;0.00273464;-0.000419674
jupiter;-2.45188;-4.82509;0.0798124
saturn;-8.99352;2.47151;0.34312
uranus;6.29709;18.4184;-0.02117
neptune;0.531163;-30.3236;0.611207
sun;0.00646527;-0.00231274;-0.000257036
jupiter;3.75316;3.21933;-0.0991062
saturn;-6.89267;-6.97576;0.383997
uranus;-0.764004;19.1545;0.0694942
neptune;6.17702;-29.6375;0.466537
sun;0.0126821;0.00256009;-0.000368188
jupiter;-5.38923;-1.03043;0.121857
saturn;1.97801;-9.84735;0.0515299
uranus;-7.71027;17.2354;0.150384
neptune;11.6036;-27.8992;0.305298
sun;0.00112462;0.00178155;-5.31825e-05
jupiter;4.59035;-1.97574;-0.0878669
saturn;9.06138;-3.78588;-0.327889
uranus;-13.5318;12.8227;0.209379
neptune;16.6157;-25.1642;0.133148
sun;0.00969735;-0.00615903;-0.000174387
jupiter;-3.94322;3.5808;0.0648488
saturn;7.35723;5.74376;-0.386273
uranus;-17.3147;6.48696;0.236844
neptune;21.0305;-21.5246;-0.0437953
sun;0.007901;0.00145937;-0.000220132
jupiter;0.655248;-5.22284;0.0152322
saturn;-2.20509;8.82106;-0.0275814
uranus;-18.4313;-0.844367;0.227839
neptune;24.6847;-17.1066;-0.219157
sun;0.0094436;-0.00617197;-0.0002613
jupiter;0.909051;4.97418;-0.0476891
saturn;-9.21059;1.65068;0.36349
uranus;-16.6936;-8.04582;0.183538
neptune;27.4408;-12.0662;-0.386544
sun;0.0130112;0.00475016;-0.000398856
jupiter;-3.98709;-3.73343;0.106897
saturn;-6.309;-7.54774;0.367034
uranus;-12.4005;-14.0203;0.111149
neptune;29.1929;-6.58455;-0.539791
sun;0.00178527;0.000340529;-8.05316e-05
jupiter;4.73704;1.38194;-0.109878
saturn;2.76099;-9.64399;0.0151657
uranus;-6.25765;-17.9146;0.0222239
neptune;29.872;-0.860949;-0.673197
sun;0.00929033;-0.00129777;-0.000177598
jupiter;-5.38203;0.84868;0.111158
saturn;9.30457;-2.96503;-0.349868
uranus;0.787683;-19.2532;-0.0699841
neptune;29.4489;4.89424;-0.781761
sun;0.00132672;2.51981e-05;-6.48265e-06
jupiter;3.49756;-3.70428;-0.0543931
saturn;6.71649;6.41166;-0.368521
uranus;7.73387;-17.9621;-0.152749
neptune;27.9359;10.4681;-0.861394
sun;0.00956294;-0.00901096;-0.000185267
jupiter;-2.31879;4.67352;0.0235032
saturn;-3.11584;8.54848;0.0148876
uranus;13.6747;-14.3186;-0.215607
neptune;25.3874;15.6537;-0.909096
sun;0.0103676;0.00217716;-0.000320386
jupiter;-1.29339;-5.2056;0.057194
saturn;-9.37052;0.744857;0.382973
uranus;17.8939;-8.86524;-0.251307
neptune;21.8975;20.2585;-0.923083
sun;0.00554448;-0.00468325;-0.000176625
jupiter;2.77976;4.12357;-0.0832643
saturn;-5.63648;-8.10962;0.346302
uranus;19.913;-2.31871;-0.256115
neptune;17.5961;24.1124;-0.902862
sun;0.0106553;0.0012497;-0.000270059
jupiter;-5.04348;-2.17909;0.120898
saturn;3.56813;-9.38974;-0.0224113
uranus;19.5107;4.51036;-0.229794
neptune;12.6441;27.0742;-0.849245
sun;-0.000143028;-0.00260944;3.49867e-05
jupiter;4.90651;-0.694809;-0.101734
saturn;9.50996;-2.1604;-0.369494
uranus;16.7286;10.7873;-0.175466
neptune;7.22584;29.0375;-0.764311
sun;0.0105153;-0.00863881;-0.000159567
jupiter;-4.70619;2.61124;0.0865805
saturn;6.09836;6.97324;-0.349865
uranus;11.8719;15.7208;-0.0994281
neptune;1.54241;29.9342;-0.651309
sun;0.0076766;-0.00198404;-0.000190829
jupiter;1.86113;-4.85482;-0.0126045
saturn;-3.89824;8.22051;0.0525536
uranus;5.50027;18.6377;-0.0107997
neptune;-4.19716;29.7367;-0.514504
sun;0.0119973;-0.00906788;-0.000293383
jupiter;-0.381401;5.10085;-0.0207874
saturn;-9.43154;-0.0861844;0.396848
uranus;-1.59682;19.0698;0.0791401
neptune;-9.784;28.4583;-0.358993
sun;0.0138373;0.00273461;-0.00039156
jupiter;-3.0468;-4.4966;0.0910629
saturn;-4.97429;-8.56168;0.324316
uranus;-8.46294;16.8468;0.157923
neptune;-15.0172;26.1516;-0.190506
sun;0.00475826;-0.0035315;-0.000106344
jupiter;4.19657;2.60358;-0.105136
saturn;4.29751;-9.05841;-0.0581839
uranus;-14.0908;12.1775;0.213623
neptune;-19.711;22.9057;-0.015173
sun;0.0128197;-0.00242607;-0.000237424
jupiter;-5.46138;-0.357345;0.119603
saturn;9.60847;-1.31146;-0.385526
uranus;-17.5912;5.67804;0.237072
neptune;-23.7013;18.8421;0.160706
sun;0.00493183;-0.00218711;-7.49987e-05
jupiter;4.28007;-2.65738;-0.0769918
saturn;5.35332;7.51278;-0.325762
uranus;-18.3814;-1.69346;0.224
neptune;-26.8508;14.11;0.330888
sun;0.0151717;-0.00808235;-0.000322427
jupiter;-3.40159;4.04072;0.0501894
saturn;-4.72638;7.79215;0.0936884
uranus;-16.3293;-8.80465;0.176278
neptune;-29.0531;8.87983;0.489398
sun;0.0131818;0.00388515;-0.000398497
jupiter;-0.0557773;-5.30265;0.031283
saturn;-9.42115;-0.983891;0.408849
uranus;-11.7857;-14.5784;0.101633
neptune;-30.2354;3.33784;0.630727
sun;0.0098283;-0.00297924;-0.000280041
jupiter;1.61875;4.75386;-0.0619835
saturn;-4.22185;-8.98648;0.298207
uranus;-5.49282;-18.2004;0.0118801
neptune;-30.3605;-2.32107;0.750007
sun;0.0126041;0.00487172;-0.000336185
jupiter;-4.43796;-3.21652;0.113779
saturn;5.047;-8.66547;-0.0952205
uranus;1.58891;-19.2382;-0.0796227
neptune;-29.4274;-7.89929;0.84315
sun;0.00197603;-0.00095017;-3.63839e-05
jupiter;4.88927;0.643491;-0.108908
saturn;9.66961;-0.477873;-0.399333
uranus;8.46368;-17.6608;-0.160417
neptune;-27.471;-13.203;0.906971
sun;0.0126601;-0.0041029;-0.000266374
jupiter;-5.21736;1.50453;0.103685
saturn;4.64452;7.95471;-0.301525
uranus;14.2426;-13.7798;-0.220409
neptune;-24.56;-18.0481;0.939284
sun;0.00736495;0.00148184;-0.000251144
jupiter;2.9586;-4.18837;-0.0398559
saturn;-5.42715;7.33482;0.12959
uranus;18.2331;-8.16144;-0.252717
neptune;-20.7957;-22.2664;0.938961
sun;0.0125798;-0.00471193;-0.000376451
jupiter;-1.65418;4.91477;0.00741341
saturn;-9.33847;-1.79345;0.41617
uranus;19.9835;-1.53757;-0.253988
neptune;-16.308;-25.7103;0.905977
sun;0.0109631;0.00675763;-0.000393479
jupiter;-1.94781;-5.02082;0.0704943
saturn;-3.50973;-9.31145;0.272166
uranus;19.3015;5.27384;-0.224366
neptune;-11.2516;-28.2581;0.841406
sun;0.00311907;-0.00202328;-0.000120137
jupiter;3.35585;3.6515;-0.0931209
saturn;5.69746;-8.22077;-0.129289
uranus;16.259;11.4384;-0.167337
neptune;-5.80152;-29.8174;0.747398
sun;0.0101625;0.000302949;-0.000242927
jupiter;-5.26729;-1.54536;0.122111
saturn;9.61466;0.367721;-0.408823
uranus;11.1922;16.1735;-0.0895121
neptune;-0.147474;-30.3295;0.627131
sun;0.00222358;-0.00223137;-7.17559e-05
jupiter;4.77548;-1.43012;-0.0945637
saturn;3.81667;8.34212;-0.271884
uranus;4.69139;18.8245;-0.000289181
neptune;5.51186;-29.7711;0.484723
sun;0.0137691;-0.00626693;-0.000354398
jupiter;-4.30075;3.17578;0.0742376
saturn;-6.15266;6.76494;0.168166
uranus;-2.42983;18.9523;0.0888105
neptune;10.9756;-28.1559;0.325106
sun;0.00943172;0.00430707;-0.000353816
jupiter;1.18212;-5.10177;0.00368205
saturn;-9.17208;-2.66352;0.420931
uranus;-9.20295;16.4286;0.165361
neptune;16.0475;-25.5354;0.153874
sun;0.00839173;-0.00338623;-0.000257472
jupiter;0.340485;5.06702;-0.0364643
saturn;-2.70526;-9.60087;0.24187
uranus;-14.6257;11.5105;0.217677
neptune;20.5429;-21.9974;-0.0228902
sun;0.00951559;0.00488906;-0.000264392
jupiter;-3.60889;-4.09604;0.101069
saturn;6.36768;-7.70944;-0.164513
uranus;-17.8359;4.85882;0.237067
neptune;24.2956;-17.6643;-0.198828
sun;0.000718057;-0.00335112;1.70354e-05
jupiter;4.52505;1.93607;-0.108448
saturn;9.52874;1.20138;-0.41616
uranus;-18.2982;-2.53897;0.219929
neptune;27.1647;-12.6889;-0.367537
sun;0.0119056;-0.00390218;-0.000236277
jupiter;-5.45794;0.31077;0.115604
saturn;3.03809;8.64716;-0.2426
uranus;-15.9361;-9.54662;0.168832
neptune;29.0404;-7.24958;-0.522811
sun;0.00554593;0.000160595;-0.000180803
jupiter;3.87177;-3.26274;-0.0645862
saturn;-6.75227;6.19208;0.201399
uranus;-11.1506;-15.1088;0.09204
neptune;29.8493;-1.54404;-0.658877
sun;0.0123089;-0.00457947;-0.000329562
jupiter;-2.83101;4.42554;0.0353582
saturn;-8.95272;-3.43252;0.421902
uranus;-4.7171;-18.4512;0.00159533
neptune;29.5572;4.21825;-0.770639
sun;0.00807545;0.0062501;-0.000271913
jupiter;-0.741101;-5.27985;0.0462646
saturn;-1.96023;-9.79713;0.212694
uranus;2.39106;-19.1883;-0.0891779
neptune;28.1717;9.82433;-0.853891
sun;0.00247757;-0.00413833;-3.35469e-05
jupiter;2.28048;4.44457;-0.0746093
saturn;6.92962;-7.16524;-0.196067
uranus;9.18314;-17.3289;-0.16795
neptune;25.7422;15.0662;-0.905498
sun;0.00848382;-0.000401066;-0.000150856
jupiter;-4.80242;-2.66099;0.118592
saturn;9.32913;2.02133;-0.419018
uranus;14.7896;-13.2174;-0.225008
neptune;22.3582;19.7491;-0.923528
sun;0.00127719;-0.00525582;3.62775e-06
jupiter;4.94676;-0.105701;-0.105725
saturn;2.16296;8.87501;-0.208727
uranus;18.5434;-7.44379;-0.253882
neptune;18.1457;23.6999;-0.907332
sun;0.0136451;-0.00687901;-0.0003172
jupiter;-4.96282;2.12985;0.0943668
saturn;-7.34883;5.511;0.235919
uranus;20.021;-0.754224;-0.251594
neptune;13.2621;26.7738;-0.85757
sun;0.00734617;0.00193503;-0.000262136
jupiter;2.35467;-4.60262;-0.0241508
saturn;-8.63943;-4.24633;0.419439
uranus;19.0593;6.02688;-0.218667
neptune;7.88933;28.86;-0.776178
sun;0.00879897;-0.00596885;-0.000216547
jupiter;-0.961217;5.05047;-0.00855632
saturn;-1.12281;-9.94563;0.178967
uranus;15.7605;12.0663;-0.158956
neptune;2.22693;29.8857;-0.666272
sun;0.00841141;0.00223937;-0.000197961
jupiter;-2.58825;-4.76687;0.083165
saturn;7.50647;-6.54848;-0.228716
uranus;10.4914;16.5913;-0.0794095
neptune;-3.51677;29.8185;-0.532004
sun;0.00239446;-0.0079892;2.01643e-05
jupiter;3.8422;3.09165;-0.100476
saturn;9.09994;2.82911;-0.419761
uranus;3.87094;18.9672;0.0103109
neptune;-9.13243;28.6667;-0.378387
sun;0.0140321;-0.00582678;-0.000274131
jupiter;-5.41275;-0.903989;0.121588
saturn;1.34405;9.03149;-0.175602
uranus;-3.26275;18.7867;0.0985072
neptune;-14.4178;26.4786;-0.211091
sun;0.00769075;-0.00317901;-0.000214893
jupiter;4.53734;-2.12442;-0.0853117
saturn;-7.82864;4.84281;0.265345
uranus;-9.92847;15.963;0.172689
neptune;-19.1849;23.3389;-0.0362076
sun;0.0162595;-0.00548442;-0.000408521
jupiter;-3.84009;3.67487;0.0611778
saturn;-8.29243;-4.95714;0.414197
uranus;-15.1319;10.8017;0.221466
neptune;-23.2667;19.3656;0.139976
sun;0.0101298;0.00501416;-0.000301753
jupiter;0.513821;-5.24496;0.0193086
saturn;-0.361482;-10.0127;0.147395
uranus;-18.0409;4.00895;0.236671
neptune;-26.5225;14.7047;0.311194
sun;0.00735882;-0.00528745;-0.000126101
jupiter;1.05275;4.93667;-0.0512345
saturn;7.96898;-5.91804;-0.257044
uranus;-18.1703;-3.39946;0.215399
neptune;-28.842;9.52443;0.471427
sun;0.0119883;0.000763757;-0.000238599
jupiter;-4.08498;-3.64009;0.108911
saturn;8.76199;3.60539;-0.415956
uranus;-15.5012;-10.2865;0.160936
neptune;-30.1482;4.0094;0.615099
sun;0.00569862;-0.00493361;-0.000111947
jupiter;4.7766;1.23077;-0.109788
saturn;0.446285;9.1007;-0.13854
uranus;-10.4844;-15.6227;0.0820791
neptune;-30.3997;-1.64612;0.737254
sun;0.0175402;-0.00282882;-0.000446129
jupiter;-5.35429;0.971413;0.10936
saturn;-8.2868;4.07972;0.29501
uranus;-3.92612;-18.6765;-0.00890169
neptune;-29.5912;-7.24445;0.833702
sun;0.00866355;0.00482789;-0.000324268
jupiter;3.38711;-3.81449;-0.0507172
saturn;-7.84987;-5.68938;0.404945
uranus;3.19229;-19.1092;-0.0987619
neptune;-27.7531;-12.5909;0.901145
sun;0.0111819;-0.00192956;-0.000306133
jupiter;-2.20292;4.72446;0.0197787
saturn;0.482706;-10.0125;0.111273
uranus;9.88946;-16.9718;-0.175448
neptune;-24.9503;-17.4999;0.93727
sun;0.00774377;0.0061827;-0.000229499
jupiter;-1.42817;-5.17786;0.0607947
saturn;8.43162;-5.20356;-0.286148
uranus;15.3146;-12.6395;-0.229534
neptune;-21.2804;-21.801;0.940824
sun;0.0032567;-0.00542881;-5.1757e-05
jupiter;2.88645;4.03717;-0.0855936
saturn;8.38612;4.37085;-0.409828
uranus;18.8261;-6.72178;-0.254966
neptune;-16.8701;-25.3438;0.911647
sun;0.0130749;-0.00111203;-0.000334384
jupiter;-5.09203;-2.06731;0.121417
saturn;-0.395083;9.10786;-0.102494
uranus;20.0294;0.0226688;-0.249163
neptune;-11.8715;-28.0032;0.850683
sun;0.00567518;-0.000846812;-0.000240287
jupiter;4.89207;-0.836334;-0.100366
saturn;-8.64256;3.3421;0.31989
uranus;18.7903;6.76405;-0.212997
neptune;-6.45758;-29.6831;0.75996
sun;0.0142829;-0.00170356;-0.000433833
jupiter;-4.63855;2.71994;0.0836581
saturn;-7.39589;-6.32543;0.393935
uranus;15.2407;12.6707;-0.150675
neptune;-0.816721;-30.3208;0.642544
sun;0.00567745;0.00640179;-0.000251709
jupiter;1.7334;-4.90303;-0.00869166
saturn;1.2372;-9.95421;0.0781555
uranus;9.7772;16.9798;-0.0694793
neptune;4.85302;-29.8884;0.50245
sun;0.00542777;-0.00487798;-0.000121381
jupiter;-0.252306;5.10324;-0.0244162
saturn;8.77951;-4.5066;-0.310509
uranus;3.04765;19.0769;0.0206495
neptune;10.3506;-28.3954;0.344518
sun;0.00850009;0.00137918;-0.00020388
jupiter;-3.16184;-4.43141;0.093795
saturn;7.91564;5.07314;-0.39938
uranus;-4.08719;18.587;0.107859
neptune;15.4788;-25.8889;0.17428
sun;0.00409327;-0.00638415;-0.000103116
jupiter;4.26146;2.47834;-0.106062
saturn;-1.28567;9.00879;-0.0635319
uranus;-10.635;15.4677;0.179678
neptune;20.0512;-22.4527;-0.00221822
sun;0.0155945;-0.00191329;-0.000427226
jupiter;-5.46907;-0.24222;0.118835
saturn;-8.9518;2.5147;0.343945
uranus;-15.6091;10.0733;0.224928
neptune;23.899;-18.2052;-0.178638
sun;0.00571979;0.00327599;-0.000244733
jupiter;4.19847;-2.78618;-0.0739632
saturn;-6.83795;-6.96821;0.378431
uranus;-18.21;3.15251;0.236017
neptune;26.8781;-13.296;-0.348567
